Associated.Gene.Name	TF_category
ABL1	coTF_GO:0003712
ABT1	coTF_GO:0003712
ACTL6A	coTF_GO:0003712
ACTL6B	coTF_GO:0003712
ACTN1	coTF_GO:0003712
ACTN2	coTF_GO:0003712
ACTN4	coTF_GO:0003712
AEBP2	coTF_GO:0003712
AIM2	coTF_GO:0003712
AIP	coTF_GO:0003712
AJUBA	coTF_GO:0003712
AKIRIN1	coTF_GO:0003712
AKIRIN2	coTF_GO:0003712
ANKRD1	coTF_GO:0003712
APBB1	coTF_GO:0003712
APEX1	coTF_GO:0003712
ARID1A	coTF_GO:0003712
ARID1B	coTF_GO:0003712
ARID3A	coTF_GO:0003712
ARID5A	coTF_GO:0003712
ARID5B	coTF_GO:0003712
ARL2BP	coTF_GO:0003712
ARRB1	coTF_GO:0003712
ASXL1	coTF_GO:0003712
ATF7IP	coTF_GO:0003712
ATF7IP2	coTF_GO:0003712
ATN1	coTF_GO:0003712
Atn1	coTF_GO:0003712
ATXN7L3	coTF_GO:0003712
BASP1	coTF_GO:0003712
Basp1	coTF_GO:0003712
BCL10	coTF_GO:0003712
BCL3	coTF_GO:0003712
BCL9	coTF_GO:0003712
BCL9L	coTF_GO:0003712
BCLAF1	coTF_GO:0003712
BCLAF3	coTF_GO:0003712
BCOR	coTF_GO:0003712
BEND6	coTF_GO:0003712
BIRC2	coTF_GO:0003712
BRCA1	coTF_GO:0003712
BRD4	coTF_GO:0003712
BRD7	coTF_GO:0003712
BRD8	coTF_GO:0003712
BRDT	coTF_GO:0003712
BTAF1	coTF_GO:0003712
BTG1	coTF_GO:0003712
BTG2	coTF_GO:0003712
BUD31	coTF_GO:0003712
C1D	coTF_GO:0003712
C1QBP	coTF_GO:0003712
CALCOCO1	coTF_GO:0003712
CAMTA1	coTF_GO:0003712
CAMTA2	coTF_GO:0003712
CARM1	coTF_GO:0003712
CASP8AP2	coTF_GO:0003712
CBFA2T2	coTF_GO:0003712
CBFA2T3	coTF_GO:0003712
CBFB	coTF_GO:0003712
CBX4	coTF_GO:0003712
CCAR1	coTF_GO:0003712
CCAR2	coTF_GO:0003712
CCDC124	coTF_GO:0003712
CCDC62	coTF_GO:0003712
CCND1	coTF_GO:0003712
CDY1	coTF_GO:0003712
CDY2A	coTF_GO:0003712
CDYL	coTF_GO:0003712
CDYL2	coTF_GO:0003712
CEBPZ	coTF_GO:0003712
CENPJ	coTF_GO:0003712
CIITA	coTF_GO:0003712
CIR1	coTF_GO:0003712
CITED1	coTF_GO:0003712
CITED2	coTF_GO:0003712
CITED4	coTF_GO:0003712
Cmtm2a	coTF_GO:0003712
CNOT2	coTF_GO:0003712
CNOT6	coTF_GO:0003712
CNOT6L	coTF_GO:0003712
CNOT7	coTF_GO:0003712
CNOT9	coTF_GO:0003712
COPS2	coTF_GO:0003712
COPS5	coTF_GO:0003712
CREBBP	coTF_GO:0003712
CREG1	coTF_GO:0003712
CRYM	coTF_GO:0003712
CTBP1	coTF_GO:0003712
CTBP2	coTF_GO:0003712
CTNNB1	coTF_GO:0003712
Cys1	coTF_GO:0003712
DAXX	coTF_GO:0003712
DCAF6	coTF_GO:0003712
DCC	coTF_GO:0003712
DDX1	coTF_GO:0003712
Ddx17	coTF_GO:0003712
DDX17	coTF_GO:0003712
DDX5	coTF_GO:0003712
DDX54	coTF_GO:0003712
DHRS7B	coTF_GO:0003712
DHX9	coTF_GO:0003712
DMAP1	coTF_GO:0003712
DNAJB1	coTF_GO:0003712
DNMT3A	coTF_GO:0003712
DNMT3B	coTF_GO:0003712
DOT1L	coTF_GO:0003712
DPF1	coTF_GO:0003712
DPF2	coTF_GO:0003712
DPF3	coTF_GO:0003712
DRAP1	coTF_GO:0003712
DTX1	coTF_GO:0003712
DYRK1A	coTF_GO:0003712
DYRK1B	coTF_GO:0003712
EDF1	coTF_GO:0003712
EID1	coTF_GO:0003712
EID2	coTF_GO:0003712
EID2B	coTF_GO:0003712
ELANE	coTF_GO:0003712
Elob	coTF_GO:0003712
ENY2	coTF_GO:0003712
EP300	coTF_GO:0003712
Ep300	coTF_GO:0003712
EWSR1	coTF_GO:0003712
EZH1	coTF_GO:0003712
EZH2	coTF_GO:0003712
FBXL19	coTF_GO:0003712
FGF2	coTF_GO:0003712
Fgf2	coTF_GO:0003712
FHL2	coTF_GO:0003712
FHL3	coTF_GO:0003712
FHL5	coTF_GO:0003712
FIZ1	coTF_GO:0003712
FLYWCH1	coTF_GO:0003712
FUS	coTF_GO:0003712
Gm20517	coTF_GO:0003712
GMNN	coTF_GO:0003712
GON4L	coTF_GO:0003712
GPS2	coTF_GO:0003712
GTF2A1L	coTF_GO:0003712
HCFC1	coTF_GO:0003712
HCFC2	coTF_GO:0003712
HDAC1	coTF_GO:0003712
HDAC3	coTF_GO:0003712
HDAC4	coTF_GO:0003712
HDAC5	coTF_GO:0003712
HDAC7	coTF_GO:0003712
HDAC9	coTF_GO:0003712
HDGF	coTF_GO:0003712
Hdgfl1	coTF_GO:0003712
HDGFL1	coTF_GO:0003712
HDGFL2	coTF_GO:0003712
Hdgfl3	coTF_GO:0003712
HDGFL3	coTF_GO:0003712
HELZ2	coTF_GO:0003712
HIPK1	coTF_GO:0003712
HIPK2	coTF_GO:0003712
HIPK3	coTF_GO:0003712
HIRA	coTF_GO:0003712
HMGA1	coTF_GO:0003712
HMGA2	coTF_GO:0003712
HMGB1	coTF_GO:0003712
HMGB2	coTF_GO:0003712
HNRNPU	coTF_GO:0003712
HR	coTF_GO:0003712
HSBP1	coTF_GO:0003712
HSBP1L1	coTF_GO:0003712
HSPA1A	coTF_GO:0003712
HSPA1B	coTF_GO:0003712
HTATIP2	coTF_GO:0003712
HYAL2	coTF_GO:0003712
IFI16	coTF_GO:0003712
IL31RA	coTF_GO:0003712
ING4	coTF_GO:0003712
ING5	coTF_GO:0003712
IRF2BP1	coTF_GO:0003712
IRF2BP2	coTF_GO:0003712
IRF2BPL	coTF_GO:0003712
JADE1	coTF_GO:0003712
JAZF1	coTF_GO:0003712
JMJD1C	coTF_GO:0003712
JMY	coTF_GO:0003712
JUP	coTF_GO:0003712
KAT2A	coTF_GO:0003712
KAT2B	coTF_GO:0003712
KAT5	coTF_GO:0003712
KAT6A	coTF_GO:0003712
KAT6B	coTF_GO:0003712
KAT7	coTF_GO:0003712
KAT8	coTF_GO:0003712
KCTD1	coTF_GO:0003712
KDM1A	coTF_GO:0003712
KDM2A	coTF_GO:0003712
KDM2B	coTF_GO:0003712
KDM3A	coTF_GO:0003712
KDM3B	coTF_GO:0003712
KDM5A	coTF_GO:0003712
KDM5B	coTF_GO:0003712
Kdm7a	coTF_GO:0003712
KDM7A	coTF_GO:0003712
KMT2C	coTF_GO:0003712
KMT2D	coTF_GO:0003712
KMT2E	coTF_GO:0003712
KMT5A	coTF_GO:0003712
LCOR	coTF_GO:0003712
LDB1	coTF_GO:0003712
LDB2	coTF_GO:0003712
LIMD1	coTF_GO:0003712
LMCD1	coTF_GO:0003712
LMO1	coTF_GO:0003712
Lmo1	coTF_GO:0003712
LMO2	coTF_GO:0003712
LMO3	coTF_GO:0003712
Lmo3	coTF_GO:0003712
LMO4	coTF_GO:0003712
LOC367830	coTF_GO:0003712
LPIN1	coTF_GO:0003712
LPIN2	coTF_GO:0003712
LPIN3	coTF_GO:0003712
LPXN	coTF_GO:0003712
MAGED1	coTF_GO:0003712
MAK	coTF_GO:0003712
MAML1	coTF_GO:0003712
MAML2	coTF_GO:0003712
MAML3	coTF_GO:0003712
MAMSTR	coTF_GO:0003712
MAP3K10	coTF_GO:0003712
MCIDAS	coTF_GO:0003712
MECP2	coTF_GO:0003712
MED1	coTF_GO:0003712
MED10	coTF_GO:0003712
MED11	coTF_GO:0003712
MED12	coTF_GO:0003712
MED12L	coTF_GO:0003712
Med12l	coTF_GO:0003712
MED13	coTF_GO:0003712
MED13L	coTF_GO:0003712
MED14	coTF_GO:0003712
MED15	coTF_GO:0003712
MED16	coTF_GO:0003712
MED17	coTF_GO:0003712
MED18	coTF_GO:0003712
MED19	coTF_GO:0003712
MED20	coTF_GO:0003712
MED21	coTF_GO:0003712
MED22	coTF_GO:0003712
MED23	coTF_GO:0003712
MED24	coTF_GO:0003712
MED26	coTF_GO:0003712
MED27	coTF_GO:0003712
Med29	coTF_GO:0003712
MED29	coTF_GO:0003712
MED30	coTF_GO:0003712
MED31	coTF_GO:0003712
MED4	coTF_GO:0003712
MED6	coTF_GO:0003712
MED7	coTF_GO:0003712
MED8	coTF_GO:0003712
MED9	coTF_GO:0003712
Meg3	coTF_GO:0003712
MID2	coTF_GO:0003712
MIDEAS	coTF_GO:0003712
MIER1	coTF_GO:0003712
MIER2	coTF_GO:0003712
MIER3	coTF_GO:0003712
MLIP	coTF_GO:0003712
MMS19	coTF_GO:0003712
MNDA	coTF_GO:0003712
MPND	coTF_GO:0003712
MRTFA	coTF_GO:0003712
MRTFB	coTF_GO:0003712
MTA1	coTF_GO:0003712
MTA2	coTF_GO:0003712
MTA3	coTF_GO:0003712
MTDH	coTF_GO:0003712
MUC1	coTF_GO:0003712
MYBBP1A	coTF_GO:0003712
MYCBP	coTF_GO:0003712
MYOCD	coTF_GO:0003712
MYSM1	coTF_GO:0003712
N4BP2L2	coTF_GO:0003712
NAB1	coTF_GO:0003712
NAB2	coTF_GO:0003712
NACA	coTF_GO:0003712
NCOA1	coTF_GO:0003712
NCOA2	coTF_GO:0003712
NCOA3	coTF_GO:0003712
NCOA4	coTF_GO:0003712
NCOA5	coTF_GO:0003712
NCOA6	coTF_GO:0003712
NCOA7	coTF_GO:0003712
NCOR1	coTF_GO:0003712
NCOR1P1	coTF_GO:0003712
NCOR2	coTF_GO:0003712
NFE4	coTF_GO:0003712
NFKBIB	coTF_GO:0003712
NFKBIE	coTF_GO:0003712
NIBAN2	coTF_GO:0003712
NME2	coTF_GO:0003712
NMI	coTF_GO:0003712
NOC2L	coTF_GO:0003712
NOTCH1	coTF_GO:0003712
NPAT	coTF_GO:0003712
NPM1	coTF_GO:0003712
NR0B1	coTF_GO:0003712
NR0B2	coTF_GO:0003712
NRBF2	coTF_GO:0003712
NRG1	coTF_GO:0003712
NRIP1	coTF_GO:0003712
NSD1	coTF_GO:0003712
NUCKS1	coTF_GO:0003712
NUP98	coTF_GO:0003712
NUPR1	coTF_GO:0003712
PA2G4	coTF_GO:0003712
PAGE4	coTF_GO:0003712
PARK7	coTF_GO:0003712
PARP10	coTF_GO:0003712
PARP14	coTF_GO:0003712
PARP15	coTF_GO:0003712
PARP9	coTF_GO:0003712
PAWR	coTF_GO:0003712
PBXIP1	coTF_GO:0003712
PCBD1	coTF_GO:0003712
PDLIM1	coTF_GO:0003712
PER2	coTF_GO:0003712
PEX14	coTF_GO:0003712
PFDN5	coTF_GO:0003712
PHB	coTF_GO:0003712
PHF10	coTF_GO:0003712
PHF12	coTF_GO:0003712
PHF2	coTF_GO:0003712
PHF8	coTF_GO:0003712
PIAS1	coTF_GO:0003712
PIAS2	coTF_GO:0003712
PIAS3	coTF_GO:0003712
PIAS4	coTF_GO:0003712
PIR	coTF_GO:0003712
PKM	coTF_GO:0003712
PKN1	coTF_GO:0003712
PMF1-BGLAP	coTF_GO:0003712
PML	coTF_GO:0003712
POU2AF1	coTF_GO:0003712
PPARGC1A	coTF_GO:0003712
PPARGC1B	coTF_GO:0003712
PPP1R13L	coTF_GO:0003712
PPRC1	coTF_GO:0003712
PQBP1	coTF_GO:0003712
PRDM8	coTF_GO:0003712
PRKCB	coTF_GO:0003712
PRKN	coTF_GO:0003712
PRMT2	coTF_GO:0003712
PRMT5	coTF_GO:0003712
PRPF6	coTF_GO:0003712
PSIP1	coTF_GO:0003712
PSMC3IP	coTF_GO:0003712
PSMD9	coTF_GO:0003712
PTPN14	coTF_GO:0003712
Pus1	coTF_GO:0003712
PXN	coTF_GO:0003712
PYHIN1	coTF_GO:0003712
Rad54l2	coTF_GO:0003712
RALY	coTF_GO:0003712
RAP2C	coTF_GO:0003712
RB1	coTF_GO:0003712
RBBP8	coTF_GO:0003712
RBCK1	coTF_GO:0003712
RBFOX2	coTF_GO:0003712
RBM14	coTF_GO:0003712
RBPMS	coTF_GO:0003712
RCOR1	coTF_GO:0003712
RCOR2	coTF_GO:0003712
RCOR3	coTF_GO:0003712
RERE	coTF_GO:0003712
Rfpl4b	coTF_GO:0003712
RIOX2	coTF_GO:0003712
RIPK3	coTF_GO:0003712
RLIM	coTF_GO:0003712
RNF14	coTF_GO:0003712
RNF20	coTF_GO:0003712
RNF4	coTF_GO:0003712
RRP1B	coTF_GO:0003712
RSF1	coTF_GO:0003712
RUNX1T1	coTF_GO:0003712
RUVBL1	coTF_GO:0003712
RUVBL2	coTF_GO:0003712
RYBP	coTF_GO:0003712
Rybp	coTF_GO:0003712
SAP18	coTF_GO:0003712
SAP30	coTF_GO:0003712
SAP30L	coTF_GO:0003712
SCAI	coTF_GO:0003712
SDR16C5	coTF_GO:0003712
SERTAD2	coTF_GO:0003712
SETD3	coTF_GO:0003712
SF1	coTF_GO:0003712
SFMBT1	coTF_GO:0003712
SFMBT2	coTF_GO:0003712
SFR1	coTF_GO:0003712
Sfr1	coTF_GO:0003712
SIAH2	coTF_GO:0003712
SIN3A	coTF_GO:0003712
SIN3B	coTF_GO:0003712
Sin3b	coTF_GO:0003712
Sirt1	coTF_GO:0003712
SIRT1	coTF_GO:0003712
SIRT6	coTF_GO:0003712
SIRT7	coTF_GO:0003712
SLC30A9	coTF_GO:0003712
SMARCA2	coTF_GO:0003712
SMARCA4	coTF_GO:0003712
SMARCB1	coTF_GO:0003712
SMARCC1	coTF_GO:0003712
SMARCC2	coTF_GO:0003712
SMARCD1	coTF_GO:0003712
SMARCD2	coTF_GO:0003712
SMARCD3	coTF_GO:0003712
SMARCE1	coTF_GO:0003712
SMYD1	coTF_GO:0003712
SND1	coTF_GO:0003712
SNW1	coTF_GO:0003712
SPEN	coTF_GO:0003712
SQSTM1	coTF_GO:0003712
SRA1	coTF_GO:0003712
SRCAP	coTF_GO:0003712
SRSF2	coTF_GO:0003712
SS18	coTF_GO:0003712
SS18L1	coTF_GO:0003712
SS18L2	coTF_GO:0003712
SSBP2	coTF_GO:0003712
SSBP3	coTF_GO:0003712
SSBP4	coTF_GO:0003712
SSX1	coTF_GO:0003712
SSX2	coTF_GO:0003712
SSX3	coTF_GO:0003712
SSX4	coTF_GO:0003712
SSX5	coTF_GO:0003712
SSX7	coTF_GO:0003712
SUB1	coTF_GO:0003712
SUFU	coTF_GO:0003712
SUPT20H	coTF_GO:0003712
SUPT20HL1	coTF_GO:0003712
SUPT20HL2	coTF_GO:0003712
SUPT3H	coTF_GO:0003712
SUPT7L	coTF_GO:0003712
TACC1	coTF_GO:0003712
TADA1	coTF_GO:0003712
TADA2A	coTF_GO:0003712
TADA2B	coTF_GO:0003712
TADA3	coTF_GO:0003712
TAF11	coTF_GO:0003712
TAF12	coTF_GO:0003712
Taf12	coTF_GO:0003712
TAF15	coTF_GO:0003712
TAF5L	coTF_GO:0003712
TAF6L	coTF_GO:0003712
TAF9	coTF_GO:0003712
TAF9B	coTF_GO:0003712
TBL1X	coTF_GO:0003712
TBL1XR1	coTF_GO:0003712
TBL1Y	coTF_GO:0003712
TCERG1	coTF_GO:0003712
TCERG1L	coTF_GO:0003712
TCF20	coTF_GO:0003712
TCF25	coTF_GO:0003712
Tcp10a	coTF_GO:0003712
Tcp10b	coTF_GO:0003712
Tcp10c	coTF_GO:0003712
TCP10L	coTF_GO:0003712
TDG	coTF_GO:0003712
TDP2	coTF_GO:0003712
TDRD3	coTF_GO:0003712
TFB2M	coTF_GO:0003712
TGFB1I1	coTF_GO:0003712
THRAP3	coTF_GO:0003712
TLE1	coTF_GO:0003712
TLE2	coTF_GO:0003712
TLE3	coTF_GO:0003712
TLE4	coTF_GO:0003712
TLE5	coTF_GO:0003712
TLE6	coTF_GO:0003712
TLE7	coTF_GO:0003712
TMF1	coTF_GO:0003712
TOB1	coTF_GO:0003712
TOB2	coTF_GO:0003712
TOX2	coTF_GO:0003712
TOX3	coTF_GO:0003712
TP53BP1	coTF_GO:0003712
TRERF1	coTF_GO:0003712
TRIB3	coTF_GO:0003712
TRIM13	coTF_GO:0003712
TRIM14	coTF_GO:0003712
TRIM15	coTF_GO:0003712
TRIM21	coTF_GO:0003712
TRIM22	coTF_GO:0003712
TRIM24	coTF_GO:0003712
TRIM25	coTF_GO:0003712
TRIM27	coTF_GO:0003712
TRIM28	coTF_GO:0003712
TRIM31	coTF_GO:0003712
TRIM32	coTF_GO:0003712
TRIM34	coTF_GO:0003712
TRIM37	coTF_GO:0003712
TRIM38	coTF_GO:0003712
TRIM5	coTF_GO:0003712
TRIM52	coTF_GO:0003712
Trim62	coTF_GO:0003712
TRIM62	coTF_GO:0003712
TRIM8	coTF_GO:0003712
TRIP11	coTF_GO:0003712
TRIP13	coTF_GO:0003712
TRIP4	coTF_GO:0003712
TRRAP	coTF_GO:0003712
TSG101	coTF_GO:0003712
UBE2L3	coTF_GO:0003712
Ube2l3	coTF_GO:0003712
UBE3A	coTF_GO:0003712
URI1	coTF_GO:0003712
USP16	coTF_GO:0003712
USP21	coTF_GO:0003712
USP22	coTF_GO:0003712
UTF1	coTF_GO:0003712
UXT	coTF_GO:0003712
VGLL1	coTF_GO:0003712
VGLL2	coTF_GO:0003712
VHL	coTF_GO:0003712
WBP2	coTF_GO:0003712
WBP2NL	coTF_GO:0003712
WDR77	coTF_GO:0003712
WNT3A	coTF_GO:0003712
WNT4	coTF_GO:0003712
WTIP	coTF_GO:0003712
Wtip	coTF_GO:0003712
WWC1	coTF_GO:0003712
WWOX	coTF_GO:0003712
WWTR1	coTF_GO:0003712
XPC	coTF_GO:0003712
YAF2	coTF_GO:0003712
YAP1	coTF_GO:0003712
YY1AP1	coTF_GO:0003712
ZCCHC12	coTF_GO:0003712
ZCCHC18	coTF_GO:0003712
ZFPM1	coTF_GO:0003712
ZFPM2	coTF_GO:0003712
Zfpm2	coTF_GO:0003712
ZMIZ1	coTF_GO:0003712
ZMIZ2	coTF_GO:0003712
ZMYND11	coTF_GO:0003712
ZMYND8	coTF_GO:0003712
ZNF335	coTF_GO:0003712
ZNF410	coTF_GO:0003712
ZNF451	coTF_GO:0003712
ZNF541	coTF_GO:0003712
ZNF653	coTF_GO:0003712
ZXDA	coTF_GO:0003712
ZXDB	coTF_GO:0003712
ZXDC	coTF_GO:0003712
AASS	coTF_GO:0003712
2010315B03Rik	coTF_otherCriteria
2210418O10Rik	coTF_otherCriteria
2610008E11Rik	coTF_otherCriteria
2610044O15Rik8	coTF_otherCriteria
2810021J22Rik	coTF_otherCriteria
4930522L14Rik	coTF_otherCriteria
4932411N23Rik	coTF_otherCriteria
5430403G16Rik	coTF_otherCriteria
5730507C01Rik	coTF_otherCriteria
9130019O22Rik	coTF_otherCriteria
9130023H24Rik	coTF_otherCriteria
A430033K04Rik	coTF_otherCriteria
A530032D15Rik	coTF_otherCriteria
ADAMTS17	coTF_otherCriteria
ADAMTS19	coTF_otherCriteria
ADAR	coTF_otherCriteria
ADGRA1	coTF_otherCriteria
AFDN	coTF_otherCriteria
AFF1	coTF_otherCriteria
AFF2	coTF_otherCriteria
Aff2	coTF_otherCriteria
AFF3	coTF_otherCriteria
AFF4	coTF_otherCriteria
AHCTF1	coTF_otherCriteria
AHDC1	coTF_otherCriteria
AI987944	coTF_otherCriteria
AIRE	coTF_otherCriteria
AKAP17A	coTF_otherCriteria
AKAP8	coTF_otherCriteria
AKAP8L	coTF_otherCriteria
AKAP9	coTF_otherCriteria
AKNA	coTF_otherCriteria
ALYREF	coTF_otherCriteria
AMOT	coTF_otherCriteria
ANAPC2	coTF_otherCriteria
ANKRD30A	coTF_otherCriteria
ANKZF1	coTF_otherCriteria
ANP32A	coTF_otherCriteria
AP5Z1	coTF_otherCriteria
APTX	coTF_otherCriteria
ARC	coTF_otherCriteria
ARHGAP35	coTF_otherCriteria
ARID2	coTF_otherCriteria
ARID3B	coTF_otherCriteria
ARID3C	coTF_otherCriteria
ARID4A	coTF_otherCriteria
ARID4B	coTF_otherCriteria
ARIH2	coTF_otherCriteria
ASH1L	coTF_otherCriteria
ASH2L	coTF_otherCriteria
ATRX	coTF_otherCriteria
ATXN2	coTF_otherCriteria
ATXN7	coTF_otherCriteria
AU041133	coTF_otherCriteria
AW146154	coTF_otherCriteria
B020011L13Rik	coTF_otherCriteria
BANP	coTF_otherCriteria
BAP18	coTF_otherCriteria
BAZ1A	coTF_otherCriteria
BAZ1B	coTF_otherCriteria
BAZ2A	coTF_otherCriteria
BAZ2B	coTF_otherCriteria
BDP1	coTF_otherCriteria
BHLHB9	coTF_otherCriteria
BLOC1S1	coTF_otherCriteria
BLZF1	coTF_otherCriteria
BMI1	coTF_otherCriteria
BMP2	coTF_otherCriteria
BNC2	coTF_otherCriteria
BOD1L1	coTF_otherCriteria
BOLA1	coTF_otherCriteria
BOLA2	coTF_otherCriteria
BOLA3	coTF_otherCriteria
Borcs8	coTF_otherCriteria
BPNT1	coTF_otherCriteria
BPTF	coTF_otherCriteria
BRD1	coTF_otherCriteria
BRD2	coTF_otherCriteria
BRD3	coTF_otherCriteria
BRD9	coTF_otherCriteria
BRF2	coTF_otherCriteria
BRPF1	coTF_otherCriteria
BRPF3	coTF_otherCriteria
BTBD1	coTF_otherCriteria
BTBD2	coTF_otherCriteria
BTBD3	coTF_otherCriteria
BTBD6	coTF_otherCriteria
BTF3	coTF_otherCriteria
C11orf95	coTF_otherCriteria
C20orf194	coTF_otherCriteria
CAND1	coTF_otherCriteria
CAPN15	coTF_otherCriteria
CARHSP1	coTF_otherCriteria
CBLL1	coTF_otherCriteria
CBX1	coTF_otherCriteria
CBX2	coTF_otherCriteria
CBX3	coTF_otherCriteria
CBX5	coTF_otherCriteria
CBX6	coTF_otherCriteria
CBX7	coTF_otherCriteria
CBX8	coTF_otherCriteria
CCDC17	coTF_otherCriteria
CCDC71	coTF_otherCriteria
CCDC88A	coTF_otherCriteria
CCR7	coTF_otherCriteria
CCT4	coTF_otherCriteria
CD36	coTF_otherCriteria
CDIP1	coTF_otherCriteria
CDK5	coTF_otherCriteria
CDK7	coTF_otherCriteria
CDK8	coTF_otherCriteria
CDR2	coTF_otherCriteria
CDR2L	coTF_otherCriteria
CELF3	coTF_otherCriteria
CENPA	coTF_otherCriteria
CENPB	coTF_otherCriteria
CENPBD1	coTF_otherCriteria
CENPS	coTF_otherCriteria
CENPT	coTF_otherCriteria
CENPX	coTF_otherCriteria
CERS2	coTF_otherCriteria
CERS3	coTF_otherCriteria
CERS4	coTF_otherCriteria
CERS5	coTF_otherCriteria
CERS6	coTF_otherCriteria
CFAP20	coTF_otherCriteria
CGGBP1	coTF_otherCriteria
CHAMP1	coTF_otherCriteria
CHCHD3	coTF_otherCriteria
CHD1	coTF_otherCriteria
CHD1L	coTF_otherCriteria
CHD2	coTF_otherCriteria
CHD3	coTF_otherCriteria
CHD4	coTF_otherCriteria
CHD5	coTF_otherCriteria
CHD6	coTF_otherCriteria
CHD7	coTF_otherCriteria
CHD9	coTF_otherCriteria
CHMP3	coTF_otherCriteria
CHRAC1	coTF_otherCriteria
CIAO1	coTF_otherCriteria
CIZ1	coTF_otherCriteria
CNBP	coTF_otherCriteria
CNOT3	coTF_otherCriteria
CNOT4	coTF_otherCriteria
CNOT8	coTF_otherCriteria
CNPY3	coTF_otherCriteria
COPS3	coTF_otherCriteria
COPS4	coTF_otherCriteria
CORO1A	coTF_otherCriteria
CPEB1	coTF_otherCriteria
Cphx3	coTF_otherCriteria
CPSF4	coTF_otherCriteria
CPSF4L	coTF_otherCriteria
CPXCR1	coTF_otherCriteria
CRAMP1	coTF_otherCriteria
CRIP1	coTF_otherCriteria
CRIP2	coTF_otherCriteria
CROCC	coTF_otherCriteria
Crxos	coTF_otherCriteria
CSDC2	coTF_otherCriteria
CSDE1	coTF_otherCriteria
CSRP1	coTF_otherCriteria
CSRP2	coTF_otherCriteria
CSRP3	coTF_otherCriteria
CTNND1	coTF_otherCriteria
CUL1	coTF_otherCriteria
CUL2	coTF_otherCriteria
CUL3	coTF_otherCriteria
CUL4A	coTF_otherCriteria
CUL4B	coTF_otherCriteria
CUL5	coTF_otherCriteria
CXXC1	coTF_otherCriteria
CXXC4	coTF_otherCriteria
CXXC5	coTF_otherCriteria
D130040H23Rik	coTF_otherCriteria
DDB2	coTF_otherCriteria
DEK	coTF_otherCriteria
DENND4A	coTF_otherCriteria
DEPDC1	coTF_otherCriteria
DEPDC1B	coTF_otherCriteria
DEPDC4	coTF_otherCriteria
DEPDC5	coTF_otherCriteria
DEPDC7	coTF_otherCriteria
DEPTOR	coTF_otherCriteria
DHX34	coTF_otherCriteria
DHX57	coTF_otherCriteria
DIDO1	coTF_otherCriteria
DISP3	coTF_otherCriteria
DMC1	coTF_otherCriteria
DMRTC1	coTF_otherCriteria
Dmrtc1c1	coTF_otherCriteria
Dmrtc1c2	coTF_otherCriteria
DNAJC1	coTF_otherCriteria
DNAJC2	coTF_otherCriteria
DNAJC21	coTF_otherCriteria
DNMT1	coTF_otherCriteria
DNMT3L	coTF_otherCriteria
DNTTIP1	coTF_otherCriteria
DSP	coTF_otherCriteria
DTX2	coTF_otherCriteria
DUS3L	coTF_otherCriteria
DUSP12	coTF_otherCriteria
Dux	coTF_otherCriteria
Duxf3	coTF_otherCriteria
DVL1	coTF_otherCriteria
DVL2	coTF_otherCriteria
DVL3	coTF_otherCriteria
DZIP1	coTF_otherCriteria
DZIP1L	coTF_otherCriteria
EEA1	coTF_otherCriteria
EED	coTF_otherCriteria
EGLN1	coTF_otherCriteria
EGLN2	coTF_otherCriteria
EIF3K	coTF_otherCriteria
EME2	coTF_otherCriteria
ENC1	coTF_otherCriteria
EP400	coTF_otherCriteria
ERCC2	coTF_otherCriteria
ERCC3	coTF_otherCriteria
ERCC6	coTF_otherCriteria
EXOC2	coTF_otherCriteria
EYA1	coTF_otherCriteria
EYA2	coTF_otherCriteria
EYA3	coTF_otherCriteria
EYA4	coTF_otherCriteria
FAM170A	coTF_otherCriteria
FAM171B	coTF_otherCriteria
FAM189B	coTF_otherCriteria
FAM200B	coTF_otherCriteria
FARSA	coTF_otherCriteria
FARSB	coTF_otherCriteria
FBN1	coTF_otherCriteria
FBXO41	coTF_otherCriteria
FEM1A	coTF_otherCriteria
FGD1	coTF_otherCriteria
FHL1	coTF_otherCriteria
FMNL2	coTF_otherCriteria
Foxb1	coTF_otherCriteria
Foxb2	coTF_otherCriteria
Foxd3	coTF_otherCriteria
Foxd4	coTF_otherCriteria
Foxl3	coTF_otherCriteria
FUBP1	coTF_otherCriteria
FUBP3	coTF_otherCriteria
GABPB1	coTF_otherCriteria
GABPB2	coTF_otherCriteria
GATAD1	coTF_otherCriteria
GATAD2A	coTF_otherCriteria
GATAD2B	coTF_otherCriteria
GCFC2	coTF_otherCriteria
Giot1	coTF_otherCriteria
Glis3	coTF_otherCriteria
GLMP	coTF_otherCriteria
GLYR1	coTF_otherCriteria
Gm10778	coTF_otherCriteria
Gm12258	coTF_otherCriteria
Gm14124	coTF_otherCriteria
Gm14139	coTF_otherCriteria
Gm14295	coTF_otherCriteria
Gm14296	coTF_otherCriteria
Gm14305	coTF_otherCriteria
Gm14322	coTF_otherCriteria
Gm14326	coTF_otherCriteria
Gm14327	coTF_otherCriteria
Gm14391	coTF_otherCriteria
Gm14403	coTF_otherCriteria
Gm14410	coTF_otherCriteria
Gm14444	coTF_otherCriteria
Gm15446	coTF_otherCriteria
Gm17067	coTF_otherCriteria
Gm2007	coTF_otherCriteria
Gm2026	coTF_otherCriteria
Gm20939	coTF_otherCriteria
Gm3055	coTF_otherCriteria
Gm32687	coTF_otherCriteria
Gm35315	coTF_otherCriteria
Gm3604	coTF_otherCriteria
Gm45871	coTF_otherCriteria
Gm4924	coTF_otherCriteria
Gm49359	coTF_otherCriteria
Gm5141	coTF_otherCriteria
Gm5767	coTF_otherCriteria
Gm6871	coTF_otherCriteria
Gm9046	coTF_otherCriteria
Gm9048	coTF_otherCriteria
Gm9376	coTF_otherCriteria
GPATCH8	coTF_otherCriteria
GPBP1	coTF_otherCriteria
GPBP1L1	coTF_otherCriteria
GPR155	coTF_otherCriteria
GREB1	coTF_otherCriteria
GRM6	coTF_otherCriteria
GTF2H1	coTF_otherCriteria
H1-0	coTF_otherCriteria
H1-1	coTF_otherCriteria
H1-10	coTF_otherCriteria
H1-2	coTF_otherCriteria
H1-3	coTF_otherCriteria
H1-4	coTF_otherCriteria
H1-5	coTF_otherCriteria
H1-6	coTF_otherCriteria
H1-8	coTF_otherCriteria
HDAC2	coTF_otherCriteria
HDAC8	coTF_otherCriteria
Hdx	coTF_otherCriteria
HELZ	coTF_otherCriteria
HEXIM1	coTF_otherCriteria
HLA-B	coTF_otherCriteria
HLA-DQB1	coTF_otherCriteria
HLA-DQB2	coTF_otherCriteria
HLA-DRB3	coTF_otherCriteria
HLTF	coTF_otherCriteria
HMBOX1	coTF_otherCriteria
HMG20A	coTF_otherCriteria
HMG20B	coTF_otherCriteria
HMGB3	coTF_otherCriteria
HMGB4	coTF_otherCriteria
HMGN2	coTF_otherCriteria
HMGN3	coTF_otherCriteria
HMGXB3	coTF_otherCriteria
Hmgxb3	coTF_otherCriteria
HMGXB4	coTF_otherCriteria
HNRNPK	coTF_otherCriteria
Hnrnpk	coTF_otherCriteria
HOPX	coTF_otherCriteria
Hoxa5	coTF_otherCriteria
Hoxa6	coTF_otherCriteria
HP1BP3	coTF_otherCriteria
HPCA	coTF_otherCriteria
HPCAL1	coTF_otherCriteria
HSF2BP	coTF_otherCriteria
Hsf3	coTF_otherCriteria
Hsfy2	coTF_otherCriteria
ID1	coTF_otherCriteria
ID2	coTF_otherCriteria
ID3	coTF_otherCriteria
ID4	coTF_otherCriteria
IER2	coTF_otherCriteria
IGHMBP2	coTF_otherCriteria
ILF2	coTF_otherCriteria
ILF3	coTF_otherCriteria
INF2	coTF_otherCriteria
IQCN	coTF_otherCriteria
IVNS1ABP	coTF_otherCriteria
JADE2	coTF_otherCriteria
JADE3	coTF_otherCriteria
JARID2	coTF_otherCriteria
JRK	coTF_otherCriteria
JRKL	coTF_otherCriteria
KBTBD7	coTF_otherCriteria
KCMF1	coTF_otherCriteria
KCNH8	coTF_otherCriteria
KCNIP1	coTF_otherCriteria
KCNIP2	coTF_otherCriteria
KCNIP4	coTF_otherCriteria
KDM4A	coTF_otherCriteria
KDM4B	coTF_otherCriteria
KDM4C	coTF_otherCriteria
KDM5C	coTF_otherCriteria
KDM5D	coTF_otherCriteria
KEAP1	coTF_otherCriteria
KHSRP	coTF_otherCriteria
KIN	coTF_otherCriteria
KIAA0040	coTF_otherCriteria
KIAA1549	coTF_otherCriteria
Klf7	coTF_otherCriteria
KLHL1	coTF_otherCriteria
KLHL12	coTF_otherCriteria
KLHL13	coTF_otherCriteria
KLHL14	coTF_otherCriteria
KLHL21	coTF_otherCriteria
KLHL28	coTF_otherCriteria
KLHL3	coTF_otherCriteria
KLHL36	coTF_otherCriteria
KLHL4	coTF_otherCriteria
KLHL40	coTF_otherCriteria
KLHL41	coTF_otherCriteria
KLHL42	coTF_otherCriteria
KLHL5	coTF_otherCriteria
KLHL6	coTF_otherCriteria
KLHL8	coTF_otherCriteria
KMT2A	coTF_otherCriteria
KMT2B	coTF_otherCriteria
KMT5B	coTF_otherCriteria
KNTC1	coTF_otherCriteria
KRBA1	coTF_otherCriteria
KRBA2	coTF_otherCriteria
KRBOX1	coTF_otherCriteria
KRBOX4	coTF_otherCriteria
KRTAP5-1	coTF_otherCriteria
KRTAP5-9	coTF_otherCriteria
L3MBTL1	coTF_otherCriteria
L3MBTL2	coTF_otherCriteria
L3MBTL3	coTF_otherCriteria
L3MBTL4	coTF_otherCriteria
LARP1	coTF_otherCriteria
LARP1B	coTF_otherCriteria
LARP4	coTF_otherCriteria
LARP4B	coTF_otherCriteria
LARP6	coTF_otherCriteria
LARP7	coTF_otherCriteria
LCORL	coTF_otherCriteria
LDOC1	coTF_otherCriteria
LENG9	coTF_otherCriteria
LGR4	coTF_otherCriteria
LIMA1	coTF_otherCriteria
LIN28A	coTF_otherCriteria
LIN28B	coTF_otherCriteria
LIN54	coTF_otherCriteria
LITAF	coTF_otherCriteria
LMO7	coTF_otherCriteria
LOC102547412	coTF_otherCriteria
LOC103694516	coTF_otherCriteria
LOC103694517	coTF_otherCriteria
LOC108350839	coTF_otherCriteria
LOC499407	coTF_otherCriteria
LOC500584	coTF_otherCriteria
LOC501406	coTF_otherCriteria
LOC680200	coTF_otherCriteria
LOC681067	coTF_otherCriteria
LOC691030	coTF_otherCriteria
LOC691254	coTF_otherCriteria
LOC691661	coTF_otherCriteria
LRRC14	coTF_otherCriteria
LRRFIP2	coTF_otherCriteria
LTF	coTF_otherCriteria
LTN1	coTF_otherCriteria
LYAR	coTF_otherCriteria
LZTR1	coTF_otherCriteria
LZTS1	coTF_otherCriteria
MACF1	coTF_otherCriteria
MAEL	coTF_otherCriteria
MAF1	coTF_otherCriteria
MAMLD1	coTF_otherCriteria
MAPK8IP1	coTF_otherCriteria
MATR3	coTF_otherCriteria
MBD1	coTF_otherCriteria
MBD2	coTF_otherCriteria
MBD3	coTF_otherCriteria
MBD3L1	coTF_otherCriteria
MBD3L2	coTF_otherCriteria
MBD3L2B	coTF_otherCriteria
MBD3L3	coTF_otherCriteria
MBD3L4	coTF_otherCriteria
MBD3L5	coTF_otherCriteria
MBD4	coTF_otherCriteria
MBD5	coTF_otherCriteria
MBD6	coTF_otherCriteria
MBNL1	coTF_otherCriteria
MBNL2	coTF_otherCriteria
MBNL3	coTF_otherCriteria
MEFV	coTF_otherCriteria
MEIOSIN	coTF_otherCriteria
MET	coTF_otherCriteria
METTL3	coTF_otherCriteria
MGMT	coTF_otherCriteria
MICALL1	coTF_otherCriteria
MID1	coTF_otherCriteria
MINK1	coTF_otherCriteria
MIR9-1HG	coTF_otherCriteria
MIS18BP1	coTF_otherCriteria
MKRN1	coTF_otherCriteria
MKRN2	coTF_otherCriteria
MKRN3	coTF_otherCriteria
MLLT1	coTF_otherCriteria
MLLT10	coTF_otherCriteria
MLLT11	coTF_otherCriteria
MLLT3	coTF_otherCriteria
MLLT6	coTF_otherCriteria
MNAT1	coTF_otherCriteria
MORF4L1	coTF_otherCriteria
MORF4L2	coTF_otherCriteria
MPRIP	coTF_otherCriteria
MRPL28	coTF_otherCriteria
MRRF	coTF_otherCriteria
MSANTD1	coTF_otherCriteria
MSANTD3	coTF_otherCriteria
MSANTD4	coTF_otherCriteria
MST1R	coTF_otherCriteria
Msx3	coTF_otherCriteria
MTERF1	coTF_otherCriteria
MTERF2	coTF_otherCriteria
MTERF3	coTF_otherCriteria
MTERF4	coTF_otherCriteria
MTF2	coTF_otherCriteria
Mxd3	coTF_otherCriteria
Mycb	coTF_otherCriteria
MYEF2	coTF_otherCriteria
Myrfl	coTF_otherCriteria
NAIF1	coTF_otherCriteria
NCALD	coTF_otherCriteria
NCS1	coTF_otherCriteria
NFKBIA	coTF_otherCriteria
NFKBID	coTF_otherCriteria
NFKBIL1	coTF_otherCriteria
NFKBIZ	coTF_otherCriteria
NFRKB	coTF_otherCriteria
NOC3L	coTF_otherCriteria
NOC4L	coTF_otherCriteria
NONO	coTF_otherCriteria
Nr1h5	coTF_otherCriteria
NRK	coTF_otherCriteria
NSD2	coTF_otherCriteria
NUFIP1	coTF_otherCriteria
NUFIP2	coTF_otherCriteria
NUP42	coTF_otherCriteria
OAZ1	coTF_otherCriteria
Obox1	coTF_otherCriteria
Obox2	coTF_otherCriteria
Obox3	coTF_otherCriteria
Obox5	coTF_otherCriteria
Obox6	coTF_otherCriteria
Obox7	coTF_otherCriteria
OPTN	coTF_otherCriteria
OTOP3	coTF_otherCriteria
PACS2	coTF_otherCriteria
PARP1	coTF_otherCriteria
PARP12	coTF_otherCriteria
PAXBP1	coTF_otherCriteria
PAXIP1	coTF_otherCriteria
PBRM1	coTF_otherCriteria
PCBP1	coTF_otherCriteria
PCBP2	coTF_otherCriteria
PCBP3	coTF_otherCriteria
PCBP4	coTF_otherCriteria
PCGF2	coTF_otherCriteria
PCGF3	coTF_otherCriteria
PCGF6	coTF_otherCriteria
PCSK4	coTF_otherCriteria
PCSK6	coTF_otherCriteria
PDS5B	coTF_otherCriteria
PER1	coTF_otherCriteria
PER3	coTF_otherCriteria
PHB2	coTF_otherCriteria
PHC1	coTF_otherCriteria
PHF1	coTF_otherCriteria
PHF19	coTF_otherCriteria
PHF20	coTF_otherCriteria
PHF21A	coTF_otherCriteria
PHF5A	coTF_otherCriteria
PHRF1	coTF_otherCriteria
PHTF1	coTF_otherCriteria
PHTF2	coTF_otherCriteria
PIKFYVE	coTF_otherCriteria
PIN1	coTF_otherCriteria
PKHD1	coTF_otherCriteria
PKHD1L1	coTF_otherCriteria
PLEK	coTF_otherCriteria
PLEK2	coTF_otherCriteria
PLEKHA4	coTF_otherCriteria
PLRG1	coTF_otherCriteria
PLXNA1	coTF_otherCriteria
PLXNA2	coTF_otherCriteria
PLXNA3	coTF_otherCriteria
PLXNA4	coTF_otherCriteria
PLXNB1	coTF_otherCriteria
PLXNB2	coTF_otherCriteria
PLXNB3	coTF_otherCriteria
PLXNC1	coTF_otherCriteria
PLXND1	coTF_otherCriteria
PMS1	coTF_otherCriteria
PMS2P3	coTF_otherCriteria
POGK	coTF_otherCriteria
POGZ	coTF_otherCriteria
POLE3	coTF_otherCriteria
POLE4	coTF_otherCriteria
POLR2L	coTF_otherCriteria
PPP1R10	coTF_otherCriteria
Ppp1r15a	coTF_otherCriteria
PPP2R3B	coTF_otherCriteria
PRAP1	coTF_otherCriteria
PRB3	coTF_otherCriteria
PRB4	coTF_otherCriteria
PRDM10	coTF_otherCriteria
PRDM11	coTF_otherCriteria
PRDM12	coTF_otherCriteria
PRDM13	coTF_otherCriteria
PRDM14	coTF_otherCriteria
PRDM6	coTF_otherCriteria
PRDM7	coTF_otherCriteria
PRDM9	coTF_otherCriteria
PREB	coTF_otherCriteria
PREX2	coTF_otherCriteria
PRICKLE3	coTF_otherCriteria
PRMT3	coTF_otherCriteria
PRR12	coTF_otherCriteria
PRR3	coTF_otherCriteria
PSMC2	coTF_otherCriteria
PSMC5	coTF_otherCriteria
PSMD11	coTF_otherCriteria
PSMD12	coTF_otherCriteria
PSPC1	coTF_otherCriteria
PTTG1IP	coTF_otherCriteria
Rab24	coTF_otherCriteria
RAD51	coTF_otherCriteria
RAG1	coTF_otherCriteria
RAPGEF3	coTF_otherCriteria
RAPGEF4	coTF_otherCriteria
RAPGEF5	coTF_otherCriteria
RASSF7	coTF_otherCriteria
RBBP5	coTF_otherCriteria
RBBP9	coTF_otherCriteria
RBL1	coTF_otherCriteria
RBL2	coTF_otherCriteria
RBM10	coTF_otherCriteria
RBM20	coTF_otherCriteria
RBM22	coTF_otherCriteria
RBM26	coTF_otherCriteria
RBM27	coTF_otherCriteria
RBM5	coTF_otherCriteria
RBM6	coTF_otherCriteria
Rbpjl2	coTF_otherCriteria
RBSN	coTF_otherCriteria
RC3H1	coTF_otherCriteria
RC3H2	coTF_otherCriteria
RCVRN	coTF_otherCriteria
RELL2	coTF_otherCriteria
REPIN1	coTF_otherCriteria
Retreg1	coTF_otherCriteria
Rex2	coTF_otherCriteria
REXO4	coTF_otherCriteria
RFPL3	coTF_otherCriteria
RFXANK	coTF_otherCriteria
RFXAP	coTF_otherCriteria
RGCC	coTF_otherCriteria
RGD1560585	coTF_otherCriteria
RGD1561558	coTF_otherCriteria
RGD1564236	coTF_otherCriteria
RGD1564807	coTF_otherCriteria
RGD1564836	coTF_otherCriteria
RGD1565622	coTF_otherCriteria
RGD1566225	coTF_otherCriteria
RGS11	coTF_otherCriteria
RGS6	coTF_otherCriteria
RGS7	coTF_otherCriteria
RGS9	coTF_otherCriteria
Rhox1	coTF_otherCriteria
Rhox10	coTF_otherCriteria
Rhox11	coTF_otherCriteria
Rhox12	coTF_otherCriteria
Rhox13	coTF_otherCriteria
Rhox2	coTF_otherCriteria
Rhox2a	coTF_otherCriteria
Rhox2b	coTF_otherCriteria
Rhox2c	coTF_otherCriteria
Rhox2d	coTF_otherCriteria
Rhox2f	coTF_otherCriteria
Rhox2g	coTF_otherCriteria
Rhox2h	coTF_otherCriteria
Rhox3	coTF_otherCriteria
Rhox3a2	coTF_otherCriteria
Rhox3c	coTF_otherCriteria
Rhox3f	coTF_otherCriteria
Rhox3g	coTF_otherCriteria
Rhox3h	coTF_otherCriteria
Rhox4a	coTF_otherCriteria
Rhox4b	coTF_otherCriteria
Rhox4c	coTF_otherCriteria
Rhox4d	coTF_otherCriteria
Rhox4e	coTF_otherCriteria
Rhox4f	coTF_otherCriteria
Rhox4g	coTF_otherCriteria
Rhox5	coTF_otherCriteria
Rhox6	coTF_otherCriteria
Rhox7a	coTF_otherCriteria
Rhox8	coTF_otherCriteria
Rhox9	coTF_otherCriteria
RIMS3	coTF_otherCriteria
RIN3	coTF_otherCriteria
RING1	coTF_otherCriteria
RIOK2	coTF_otherCriteria
RIT2	coTF_otherCriteria
RNASE2	coTF_otherCriteria
RNF10	coTF_otherCriteria
RNF103	coTF_otherCriteria
RNF112	coTF_otherCriteria
RNF113A	coTF_otherCriteria
RNF113B	coTF_otherCriteria
RNF114	coTF_otherCriteria
RNF115	coTF_otherCriteria
RNF125	coTF_otherCriteria
RNF13	coTF_otherCriteria
RNF135	coTF_otherCriteria
RNF138	coTF_otherCriteria
RNF144A	coTF_otherCriteria
RNF166	coTF_otherCriteria
RNF2	coTF_otherCriteria
RNF24	coTF_otherCriteria
RNF8	coTF_otherCriteria
RPA2	coTF_otherCriteria
Rsl1	coTF_otherCriteria
Rslcan18	coTF_otherCriteria
RTRAF	coTF_otherCriteria
SAFB	coTF_otherCriteria
SAFB2	coTF_otherCriteria
SAMD11	coTF_otherCriteria
SAP30BP	coTF_otherCriteria
SART3	coTF_otherCriteria
SCAND1	coTF_otherCriteria
SCAPER	coTF_otherCriteria
SCMH1	coTF_otherCriteria
SCML1	coTF_otherCriteria
SCML2	coTF_otherCriteria
SCML4	coTF_otherCriteria
SEMA4A	coTF_otherCriteria
SERPIND1	coTF_otherCriteria
SERTAD1	coTF_otherCriteria
SETBP1	coTF_otherCriteria
SETD1A	coTF_otherCriteria
SETD1B	coTF_otherCriteria
SETD4	coTF_otherCriteria
SETDB1	coTF_otherCriteria
SETDB2	coTF_otherCriteria
Setdb2	coTF_otherCriteria
SF3A2	coTF_otherCriteria
SF3A3	coTF_otherCriteria
SFPQ	coTF_otherCriteria
SGSM2	coTF_otherCriteria
SHPRH	coTF_otherCriteria
SIAH1	coTF_otherCriteria
SLC22A4	coTF_otherCriteria
SLC26A10	coTF_otherCriteria
SLC39A10	coTF_otherCriteria
SLC4A10	coTF_otherCriteria
SLC6A3	coTF_otherCriteria
SMAD6	coTF_otherCriteria
SMAD7	coTF_otherCriteria
SMARCA1	coTF_otherCriteria
SMARCA5	coTF_otherCriteria
SMARCAD1	coTF_otherCriteria
SMARCAL1	coTF_otherCriteria
SMYD3	coTF_otherCriteria
SMYD5	coTF_otherCriteria
Sohlh2	coTF_otherCriteria
SON	coTF_otherCriteria
SORBS2	coTF_otherCriteria
Sox15	coTF_otherCriteria
Spry4	coTF_otherCriteria
Srst	coTF_otherCriteria
Sry	coTF_otherCriteria
SSB	coTF_otherCriteria
SSH1	coTF_otherCriteria
SSH2	coTF_otherCriteria
SSH3	coTF_otherCriteria
SSRP1	coTF_otherCriteria
STON1	coTF_otherCriteria
SUPT16H	coTF_otherCriteria
SUPT4H1	coTF_otherCriteria
SUPT5H	coTF_otherCriteria
SUPT6H	coTF_otherCriteria
SUV39H1	coTF_otherCriteria
SUZ12	coTF_otherCriteria
TAF1A	coTF_otherCriteria
TAF1B	coTF_otherCriteria
TARDBP	coTF_otherCriteria
TAX1BP1	coTF_otherCriteria
TAX1BP3	coTF_otherCriteria
TCEAL1	coTF_otherCriteria
TCEAL8	coTF_otherCriteria
TCF19	coTF_otherCriteria
TERB1	coTF_otherCriteria
TERF1	coTF_otherCriteria
TERF2	coTF_otherCriteria
TERF2IP	coTF_otherCriteria
TET1	coTF_otherCriteria
TET2	coTF_otherCriteria
TET3	coTF_otherCriteria
TFAM	coTF_otherCriteria
TFB1M	coTF_otherCriteria
TFDP3	coTF_otherCriteria
Tgif2lx2	coTF_otherCriteria
THAP10	coTF_otherCriteria
THAP12	coTF_otherCriteria
THAP2	coTF_otherCriteria
THAP3	coTF_otherCriteria
THAP4	coTF_otherCriteria
THAP5	coTF_otherCriteria
THAP6	coTF_otherCriteria
THAP7	coTF_otherCriteria
THAP8	coTF_otherCriteria
THAP9	coTF_otherCriteria
THYN1	coTF_otherCriteria
TIGD1	coTF_otherCriteria
TIGD2	coTF_otherCriteria
TIGD3	coTF_otherCriteria
TIGD4	coTF_otherCriteria
TIGD5	coTF_otherCriteria
TIGD6	coTF_otherCriteria
TIGD7	coTF_otherCriteria
TIMELESS	coTF_otherCriteria
TIPARP	coTF_otherCriteria
TMEM121B	coTF_otherCriteria
TMEM260	coTF_otherCriteria
TNRC18	coTF_otherCriteria
TNRC6A	coTF_otherCriteria
TOE1	coTF_otherCriteria
TONSL	coTF_otherCriteria
TOPORS	coTF_otherCriteria
TOX	coTF_otherCriteria
TOX4	coTF_otherCriteria
TP53BP2	coTF_otherCriteria
TPRXL	coTF_otherCriteria
TRAFD1	coTF_otherCriteria
Treml1	coTF_otherCriteria
TRIM10	coTF_otherCriteria
TRIM16	coTF_otherCriteria
TRIM17	coTF_otherCriteria
TRIM23	coTF_otherCriteria
TRIM26	coTF_otherCriteria
TRIM29	coTF_otherCriteria
TRIM3	coTF_otherCriteria
TRIM33	coTF_otherCriteria
TRIM35	coTF_otherCriteria
TRIM39	coTF_otherCriteria
TRIM4	coTF_otherCriteria
TRIM40	coTF_otherCriteria
TRIM41	coTF_otherCriteria
TRIM47	coTF_otherCriteria
TRIM48	coTF_otherCriteria
TRIM49	coTF_otherCriteria
TRIM50	coTF_otherCriteria
TRIM56	coTF_otherCriteria
TRIM6	coTF_otherCriteria
TRIM66	coTF_otherCriteria
TRIM68	coTF_otherCriteria
TRIM69	coTF_otherCriteria
TRIM72	coTF_otherCriteria
TRIM9	coTF_otherCriteria
TRIOBP	coTF_otherCriteria
TRIP10	coTF_otherCriteria
TRIP6	coTF_otherCriteria
TRIT1	coTF_otherCriteria
TRMT1	coTF_otherCriteria
TRMT1L	coTF_otherCriteria
TSC22D1	coTF_otherCriteria
TSC22D2	coTF_otherCriteria
TSC22D3	coTF_otherCriteria
TSC22D4	coTF_otherCriteria
Tsc22d4	coTF_otherCriteria
Tshz1	coTF_otherCriteria
Tshz2	coTF_otherCriteria
TSN	coTF_otherCriteria
TSNAX	coTF_otherCriteria
TTF1	coTF_otherCriteria
TTF2	coTF_otherCriteria
TTLL4	coTF_otherCriteria
TTLL5	coTF_otherCriteria
TUB	coTF_otherCriteria
TULP1	coTF_otherCriteria
TULP2	coTF_otherCriteria
TULP3	coTF_otherCriteria
TULP4	coTF_otherCriteria
TUT1	coTF_otherCriteria
TUT4	coTF_otherCriteria
TUT7	coTF_otherCriteria
U2AF1	coTF_otherCriteria
U2AF1L4	coTF_otherCriteria
UBE2K	coTF_otherCriteria
UBR4	coTF_otherCriteria
UHRF1	coTF_otherCriteria
UNK	coTF_otherCriteria
UNKL	coTF_otherCriteria
USE1	coTF_otherCriteria
USP39	coTF_otherCriteria
VPS72	coTF_otherCriteria
WDHD1	coTF_otherCriteria
WNT8B	coTF_otherCriteria
XPA	coTF_otherCriteria
YBX1	coTF_otherCriteria
Ybx1-ps3	coTF_otherCriteria
YBX2	coTF_otherCriteria
YBX3	coTF_otherCriteria
YEATS2	coTF_otherCriteria
YEATS4	coTF_otherCriteria
YOD1	coTF_otherCriteria
ZAR1	coTF_otherCriteria
ZBED5	coTF_otherCriteria
ZBED9	coTF_otherCriteria
ZBP1	coTF_otherCriteria
ZBTB44	coTF_otherCriteria
ZC3H10	coTF_otherCriteria
ZC3H11A	coTF_otherCriteria
ZC3H12A	coTF_otherCriteria
ZC3H12B	coTF_otherCriteria
ZC3H13	coTF_otherCriteria
ZC3H14	coTF_otherCriteria
ZC3H15	coTF_otherCriteria
ZC3H18	coTF_otherCriteria
ZC3H3	coTF_otherCriteria
ZC3H4	coTF_otherCriteria
ZC3H6	coTF_otherCriteria
ZC3H7A	coTF_otherCriteria
ZC3H7B	coTF_otherCriteria
ZC3HAV1	coTF_otherCriteria
ZDHHC1	coTF_otherCriteria
ZDHHC11	coTF_otherCriteria
ZDHHC19	coTF_otherCriteria
ZFAND3	coTF_otherCriteria
ZFAND5	coTF_otherCriteria
ZFAND6	coTF_otherCriteria
Zfp101	coTF_otherCriteria
Zfp109	coTF_otherCriteria
Zfp11	coTF_otherCriteria
Zfp119a	coTF_otherCriteria
Zfp119b	coTF_otherCriteria
Zfp120	coTF_otherCriteria
Zfp141	coTF_otherCriteria
Zfp146	coTF_otherCriteria
Zfp157	coTF_otherCriteria
Zfp229	coTF_otherCriteria
Zfp267	coTF_otherCriteria
Zfp268	coTF_otherCriteria
Zfp273	coTF_otherCriteria
Zfp300	coTF_otherCriteria
Zfp345	coTF_otherCriteria
Zfp352	coTF_otherCriteria
ZFP36	coTF_otherCriteria
ZFP36L1	coTF_otherCriteria
ZFP36L2	coTF_otherCriteria
Zfp386	coTF_otherCriteria
Zfp397	coTF_otherCriteria
Zfp40	coTF_otherCriteria
Zfp429	coTF_otherCriteria
Zfp433	coTF_otherCriteria
Zfp442	coTF_otherCriteria
Zfp455	coTF_otherCriteria
Zfp456	coTF_otherCriteria
Zfp459	coTF_otherCriteria
Zfp472	coTF_otherCriteria
Zfp474	coTF_otherCriteria
Zfp493	coTF_otherCriteria
Zfp51	coTF_otherCriteria
Zfp52	coTF_otherCriteria
Zfp53	coTF_otherCriteria
Zfp534	coTF_otherCriteria
Zfp54	coTF_otherCriteria
Zfp560	coTF_otherCriteria
Zfp563	coTF_otherCriteria
Zfp58	coTF_otherCriteria
Zfp595	coTF_otherCriteria
Zfp599	coTF_otherCriteria
Zfp600	coTF_otherCriteria
Zfp61	coTF_otherCriteria
Zfp616	coTF_otherCriteria
Zfp617	coTF_otherCriteria
ZFP64	coTF_otherCriteria
Zfp65	coTF_otherCriteria
Zfp658	coTF_otherCriteria
Zfp663	coTF_otherCriteria
Zfp677	coTF_otherCriteria
Zfp68	coTF_otherCriteria
Zfp706	coTF_otherCriteria
Zfp707l1	coTF_otherCriteria
Zfp708	coTF_otherCriteria
Zfp709	coTF_otherCriteria
Zfp715	coTF_otherCriteria
Zfp72	coTF_otherCriteria
Zfp735	coTF_otherCriteria
Zfp748	coTF_otherCriteria
Zfp758	coTF_otherCriteria
Zfp759	coTF_otherCriteria
Zfp760	coTF_otherCriteria
Zfp763	coTF_otherCriteria
Zfp772	coTF_otherCriteria
Zfp773	coTF_otherCriteria
Zfp780b	coTF_otherCriteria
Zfp788	coTF_otherCriteria
Zfp791	coTF_otherCriteria
Zfp799	coTF_otherCriteria
Zfp808	coTF_otherCriteria
Zfp809	coTF_otherCriteria
Zfp81	coTF_otherCriteria
Zfp810	coTF_otherCriteria
Zfp811	coTF_otherCriteria
Zfp819	coTF_otherCriteria
Zfp820	coTF_otherCriteria
Zfp825	coTF_otherCriteria
Zfp84	coTF_otherCriteria
Zfp846	coTF_otherCriteria
Zfp85	coTF_otherCriteria
Zfp850	coTF_otherCriteria
Zfp853	coTF_otherCriteria
Zfp866	coTF_otherCriteria
Zfp867	coTF_otherCriteria
Zfp868	coTF_otherCriteria
Zfp869	coTF_otherCriteria
Zfp87	coTF_otherCriteria
Zfp870	coTF_otherCriteria
Zfp871	coTF_otherCriteria
Zfp874a	coTF_otherCriteria
Zfp874b	coTF_otherCriteria
Zfp882	coTF_otherCriteria
ZFP91	coTF_otherCriteria
Zfp93	coTF_otherCriteria
Zfp930	coTF_otherCriteria
Zfp931	coTF_otherCriteria
Zfp933	coTF_otherCriteria
Zfp934	coTF_otherCriteria
Zfp936	coTF_otherCriteria
Zfp937	coTF_otherCriteria
Zfp938	coTF_otherCriteria
Zfp940	coTF_otherCriteria
Zfp941	coTF_otherCriteria
Zfp942	coTF_otherCriteria
Zfp943	coTF_otherCriteria
Zfp945	coTF_otherCriteria
Zfp946	coTF_otherCriteria
Zfp947	coTF_otherCriteria
Zfp948	coTF_otherCriteria
Zfp949	coTF_otherCriteria
Zfp950	coTF_otherCriteria
Zfp951	coTF_otherCriteria
Zfp952	coTF_otherCriteria
Zfp953	coTF_otherCriteria
Zfp954	coTF_otherCriteria
Zfp955a	coTF_otherCriteria
Zfp956	coTF_otherCriteria
Zfp957	coTF_otherCriteria
Zfp958	coTF_otherCriteria
Zfp959	coTF_otherCriteria
Zfp960	coTF_otherCriteria
Zfp961	coTF_otherCriteria
Zfp963	coTF_otherCriteria
Zfp964	coTF_otherCriteria
Zfp968	coTF_otherCriteria
Zfp969	coTF_otherCriteria
Zfp97	coTF_otherCriteria
Zfp970	coTF_otherCriteria
Zfp972	coTF_otherCriteria
Zfp973	coTF_otherCriteria
Zfp975	coTF_otherCriteria
Zfp976	coTF_otherCriteria
Zfp977	coTF_otherCriteria
Zfp979	coTF_otherCriteria
Zfp980	coTF_otherCriteria
Zfp981	coTF_otherCriteria
Zfp982	coTF_otherCriteria
Zfp983	coTF_otherCriteria
Zfp984	coTF_otherCriteria
Zfp985	coTF_otherCriteria
Zfp987	coTF_otherCriteria
Zfp988	coTF_otherCriteria
Zfp990	coTF_otherCriteria
Zfp991	coTF_otherCriteria
Zfp992	coTF_otherCriteria
Zfp994	coTF_otherCriteria
Zfp995	coTF_otherCriteria
Zfp998	coTF_otherCriteria
ZFPL1	coTF_otherCriteria
ZFR	coTF_otherCriteria
ZFR2	coTF_otherCriteria
Zfy1	coTF_otherCriteria
Zfy2	coTF_otherCriteria
ZFYVE26	coTF_otherCriteria
Zic4	coTF_otherCriteria
Zim1	coTF_otherCriteria
Zkscan7	coTF_otherCriteria
ZMAT1	coTF_otherCriteria
ZMAT2	coTF_otherCriteria
ZMAT3	coTF_otherCriteria
ZMAT4	coTF_otherCriteria
ZMAT5	coTF_otherCriteria
ZMYM3	coTF_otherCriteria
ZMYM4	coTF_otherCriteria
ZMYM5	coTF_otherCriteria
ZMYM6	coTF_otherCriteria
ZNF106	coTF_otherCriteria
ZNF185	coTF_otherCriteria
ZNF200	coTF_otherCriteria
ZNF207	coTF_otherCriteria
Znf239	coTF_otherCriteria
Znf260	coTF_otherCriteria
Znf271	coTF_otherCriteria
ZNF276	coTF_otherCriteria
ZNF277	coTF_otherCriteria
ZNF318	coTF_otherCriteria
ZNF321P	coTF_otherCriteria
ZNF326	coTF_otherCriteria
ZNF346	coTF_otherCriteria
Znf354c	coTF_otherCriteria
ZNF365	coTF_otherCriteria
ZNF385A	coTF_otherCriteria
ZNF385B	coTF_otherCriteria
ZNF385C	coTF_otherCriteria
ZNF385D	coTF_otherCriteria
ZNF407	coTF_otherCriteria
ZNF428	coTF_otherCriteria
Znf431	coTF_otherCriteria
Znf442	coTF_otherCriteria
ZNF462	coTF_otherCriteria
ZNF474	coTF_otherCriteria
ZNF488	coTF_otherCriteria
ZNF503	coTF_otherCriteria
ZNF507	coTF_otherCriteria
ZNF513	coTF_otherCriteria
Znf524	coTF_otherCriteria
ZNF56	coTF_otherCriteria
Znf568	coTF_otherCriteria
Znf580	coTF_otherCriteria
ZNF593	coTF_otherCriteria
ZNF598	coTF_otherCriteria
ZNF608	coTF_otherCriteria
ZNF609	coTF_otherCriteria
ZNF622	coTF_otherCriteria
ZNF638	coTF_otherCriteria
ZNF645	coTF_otherCriteria
Znf667	coTF_otherCriteria
ZNF703	coTF_otherCriteria
ZNF706	coTF_otherCriteria
ZNF720	coTF_otherCriteria
Znf728	coTF_otherCriteria
ZNF738	coTF_otherCriteria
ZNF747	coTF_otherCriteria
Znf768	coTF_otherCriteria
ZNF788P	coTF_otherCriteria
ZNF804A	coTF_otherCriteria
ZNF804B	coTF_otherCriteria
ZNF806	coTF_otherCriteria
ZNF827	coTF_otherCriteria
ZNF830	coTF_otherCriteria
ZNF831	coTF_otherCriteria
ZNF839	coTF_otherCriteria
ZNF843	coTF_otherCriteria
ZNF862	coTF_otherCriteria
ZNFX1	coTF_otherCriteria
ZNRF1	coTF_otherCriteria
ZPR1	coTF_otherCriteria
ZRANB2	coTF_otherCriteria
ZRSR2	coTF_otherCriteria
Zscan29	coTF_otherCriteria
Zscan5b	coTF_otherCriteria
ZUFSP	coTF_otherCriteria
ZUP1	coTF_otherCriteria
ZYX	coTF_otherCriteria
ZZZ3	coTF_otherCriteria
AATF	coTF_otherCriteria
ADNP	dbTF
ADNP2	dbTF
AEBP1	dbTF
AHR	dbTF
AHRR	dbTF
ALX1	dbTF
ALX3	dbTF
ALX4	dbTF
ANHX	dbTF
AR	dbTF
ARGFX	dbTF
ARNT	dbTF
ARNT2	dbTF
ARNTL	dbTF
ARNTL2	dbTF
ARX	dbTF
ASCL1	dbTF
ASCL2	dbTF
ASCL3	dbTF
ASCL4	dbTF
ASCL5	dbTF
ATF1	dbTF
ATF2	dbTF
ATF3	dbTF
ATF4	dbTF
ATF5	dbTF
ATF6	dbTF
ATF6B	dbTF
ATF7	dbTF
ATMIN	dbTF
ATOH1	dbTF
ATOH7	dbTF
ATOH8	dbTF
BACH1	dbTF
BACH2	dbTF
BARHL1	dbTF
BARHL2	dbTF
BARX1	dbTF
BARX2	dbTF
BATF	dbTF
BATF2	dbTF
BATF3	dbTF
BBX	dbTF
BCL11A	dbTF
BCL11B	dbTF
BCL6	dbTF
BCL6B	dbTF
BHLHA15	dbTF
BHLHA9	dbTF
BHLHE22	dbTF
BHLHE23	dbTF
BHLHE40	dbTF
BHLHE41	dbTF
BNC1	dbTF
BSX	dbTF
CARF	dbTF
CASZ1	dbTF
CC2D1A	dbTF
CC2D1B	dbTF
CDC5L	dbTF
CDX1	dbTF
CDX2	dbTF
CDX4	dbTF
CEBPA	dbTF
CEBPB	dbTF
CEBPD	dbTF
CEBPE	dbTF
CEBPG	dbTF
CIC	dbTF
CLOCK	dbTF
CPHXL	dbTF
CREB1	dbTF
CREB3	dbTF
CREB3L1	dbTF
CREB3L2	dbTF
CREB3L3	dbTF
CREB3L4	dbTF
CREB5	dbTF
CREBL2	dbTF
CREBRF	dbTF
CREBZF	dbTF
CREM	dbTF
CRX	dbTF
CSRNP1	dbTF
CSRNP2	dbTF
CSRNP3	dbTF
CTCF	dbTF
CTCFL	dbTF
CUX1	dbTF
CUX2	dbTF
DACH1	dbTF
DACH2	dbTF
DBP	dbTF
DBX1	dbTF
DBX2	dbTF
DDIT3	dbTF
DEAF1	dbTF
DLX1	dbTF
DLX2	dbTF
DLX3	dbTF
DLX4	dbTF
DLX5	dbTF
DLX6	dbTF
DMBX1	dbTF
DMRT1	dbTF
DMRT2	dbTF
DMRT3	dbTF
DMRTA1	dbTF
DMRTA2	dbTF
DMRTB1	dbTF
DMRTC2	dbTF
DMTF1	dbTF
DPRX	dbTF
DRGX	dbTF
DUX1	dbTF
DUX3	dbTF
DUX4	dbTF
DUX4L2	dbTF
DUX4L3	dbTF
DUX4L4	dbTF
DUX4L5	dbTF
DUX4L6	dbTF
DUX4L7	dbTF
DUX4L9	dbTF
DUX5	dbTF
DUXA	dbTF
DUXB	dbTF
E2F1	dbTF
E2F2	dbTF
E2F3	dbTF
E2F4	dbTF
E2F5	dbTF
E2F6	dbTF
E2F7	dbTF
E2F8	dbTF
E4F1	dbTF
EBF1	dbTF
EBF2	dbTF
EBF3	dbTF
EBF4	dbTF
EGR1	dbTF
EGR2	dbTF
EGR3	dbTF
EGR4	dbTF
EHF	dbTF
ELF1	dbTF
ELF2	dbTF
ELF3	dbTF
ELF4	dbTF
ELF5	dbTF
ELK1	dbTF
ELK3	dbTF
ELK4	dbTF
EMX1	dbTF
EMX2	dbTF
EN1	dbTF
EN2	dbTF
ENO1	dbTF
EOMES	dbTF
EPAS1	dbTF
ERF	dbTF
ERFL	dbTF
ERG	dbTF
ESR1	dbTF
ESR2	dbTF
ESRRA	dbTF
ESRRB	dbTF
ESRRG	dbTF
ESX1	dbTF
ETS1	dbTF
ETS2	dbTF
ETV1	dbTF
ETV2	dbTF
ETV3	dbTF
ETV3L	dbTF
ETV4	dbTF
ETV5	dbTF
ETV6	dbTF
ETV7	dbTF
EVX1	dbTF
EVX2	dbTF
FERD3L	dbTF
FEV	dbTF
FEZF1	dbTF
FEZF2	dbTF
FIGLA	dbTF
FLI1	dbTF
FOS	dbTF
FOSB	dbTF
FOSL1	dbTF
FOSL2	dbTF
FOXA1	dbTF
FOXA2	dbTF
FOXA3	dbTF
FOXB1	dbTF
FOXB2	dbTF
FOXC1	dbTF
FOXC2	dbTF
FOXD1	dbTF
FOXD2	dbTF
FOXD3	dbTF
FOXD4	dbTF
FOXD4L1	dbTF
FOXD4L3	dbTF
FOXD4L4	dbTF
FOXD4L5	dbTF
FOXD4L6	dbTF
FOXE1	dbTF
FOXE3	dbTF
FOXF1	dbTF
FOXF2	dbTF
FOXG1	dbTF
FOXH1	dbTF
FOXI1	dbTF
FOXI2	dbTF
FOXI3	dbTF
FOXJ1	dbTF
FOXJ2	dbTF
FOXJ3	dbTF
FOXK1	dbTF
FOXK2	dbTF
FOXL1	dbTF
FOXL2	dbTF
FOXL3	dbTF
FOXM1	dbTF
FOXN1	dbTF
FOXN2	dbTF
FOXN3	dbTF
FOXN4	dbTF
FOXO1	dbTF
FOXO3	dbTF
FOXO3B	dbTF
FOXO4	dbTF
FOXO6	dbTF
FOXP1	dbTF
FOXP2	dbTF
FOXP3	dbTF
FOXP4	dbTF
FOXQ1	dbTF
FOXR1	dbTF
FOXR2	dbTF
FOXS1	dbTF
GABPA	dbTF
GATA1	dbTF
GATA2	dbTF
GATA3	dbTF
GATA4	dbTF
GATA5	dbTF
GATA6	dbTF
GBX1	dbTF
GBX2	dbTF
GCM1	dbTF
GCM2	dbTF
GFI1	dbTF
GFI1B	dbTF
GLI1	dbTF
GLI2	dbTF
GLI3	dbTF
GLI4	dbTF
GLIS1	dbTF
GLIS2	dbTF
GLIS3	dbTF
GMEB1	dbTF
GMEB2	dbTF
GRHL1	dbTF
GRHL2	dbTF
GRHL3	dbTF
GSC	dbTF
GSC2	dbTF
GSX1	dbTF
GSX2	dbTF
GTF2I	dbTF
GTF2IRD1	dbTF
GTF2IRD2	dbTF
GTF2IRD2B	dbTF
GZF1	dbTF
HAND1	dbTF
HAND2	dbTF
HBP1	dbTF
HDX	dbTF
HELT	dbTF
HES1	dbTF
HES2	dbTF
HES3	dbTF
HES4	dbTF
HES5	dbTF
HES6	dbTF
HES7	dbTF
HESX1	dbTF
HEY1	dbTF
HEY2	dbTF
HEYL	dbTF
HHEX	dbTF
HIC1	dbTF
HIC2	dbTF
HIF1A	dbTF
HIF3A	dbTF
HINFP	dbTF
HIVEP1	dbTF
HIVEP2	dbTF
HIVEP3	dbTF
HLF	dbTF
HLX	dbTF
HMX1	dbTF
HMX2	dbTF
HMX3	dbTF
HNF1A	dbTF
HNF1B	dbTF
HNF4A	dbTF
HNF4G	dbTF
HOMEZ	dbTF
HOXA1	dbTF
HOXA10	dbTF
HOXA11	dbTF
HOXA13	dbTF
HOXA2	dbTF
HOXA3	dbTF
HOXA4	dbTF
HOXA5	dbTF
HOXA6	dbTF
HOXA7	dbTF
HOXA9	dbTF
HOXB1	dbTF
HOXB13	dbTF
HOXB2	dbTF
HOXB3	dbTF
HOXB4	dbTF
HOXB5	dbTF
HOXB6	dbTF
HOXB7	dbTF
HOXB8	dbTF
HOXB9	dbTF
HOXC10	dbTF
HOXC11	dbTF
HOXC12	dbTF
HOXC13	dbTF
HOXC4	dbTF
HOXC5	dbTF
HOXC6	dbTF
HOXC8	dbTF
HOXC9	dbTF
HOXD1	dbTF
HOXD10	dbTF
HOXD11	dbTF
HOXD12	dbTF
HOXD13	dbTF
HOXD3	dbTF
HOXD4	dbTF
HOXD8	dbTF
HOXD9	dbTF
HSF1	dbTF
HSF2	dbTF
HSF4	dbTF
HSF5	dbTF
HSFX1	dbTF
HSFX3	dbTF
HSFX4	dbTF
HSFY1	dbTF
IKZF1	dbTF
IKZF2	dbTF
IKZF3	dbTF
IKZF4	dbTF
IKZF5	dbTF
INSM1	dbTF
INSM2	dbTF
IRF1	dbTF
IRF2	dbTF
IRF3	dbTF
IRF4	dbTF
IRF5	dbTF
IRF6	dbTF
IRF7	dbTF
IRF8	dbTF
IRF9	dbTF
IRX1	dbTF
IRX2	dbTF
IRX3	dbTF
IRX4	dbTF
IRX5	dbTF
IRX6	dbTF
ISL1	dbTF
ISL2	dbTF
ISX	dbTF
JDP2	dbTF
JPH2	dbTF
JUN	dbTF
JUNB	dbTF
JUND	dbTF
KCNIP3	dbTF
KLF1	dbTF
KLF10	dbTF
KLF11	dbTF
KLF12	dbTF
KLF13	dbTF
KLF14	dbTF
KLF15	dbTF
KLF16	dbTF
KLF17	dbTF
KLF18	dbTF
KLF2	dbTF
KLF3	dbTF
KLF4	dbTF
KLF5	dbTF
KLF6	dbTF
KLF7	dbTF
KLF8	dbTF
KLF9	dbTF
LBX1	dbTF
LBX2	dbTF
LEF1	dbTF
LEUTX	dbTF
LHX1	dbTF
LHX2	dbTF
LHX3	dbTF
LHX4	dbTF
LHX5	dbTF
LHX6	dbTF
LHX8	dbTF
LHX9	dbTF
LMX1A	dbTF
LMX1B	dbTF
LRRFIP1	dbTF
LYL1	dbTF
MAF	dbTF
MAFA	dbTF
MAFB	dbTF
MAFF	dbTF
MAFG	dbTF
MAFK	dbTF
MAX	dbTF
MAZ	dbTF
MECOM	dbTF
MEF2A	dbTF
MEF2B	dbTF
MEF2C	dbTF
MEF2D	dbTF
MEIS1	dbTF
MEIS2	dbTF
MEIS3	dbTF
MEIS3P1	dbTF
MEIS3P2	dbTF
MEOX1	dbTF
MEOX2	dbTF
MESP1	dbTF
MESP2	dbTF
MGA	dbTF
MITF	dbTF
MIXL1	dbTF
MKX	dbTF
MLX	dbTF
MLXIP	dbTF
MLXIPL	dbTF
MNT	dbTF
MNX1	dbTF
MSC	dbTF
MSGN1	dbTF
MSX1	dbTF
MSX2	dbTF
MTF1	dbTF
MXD1	dbTF
MXD3	dbTF
MXD4	dbTF
MXI1	dbTF
MYB	dbTF
MYBL1	dbTF
MYBL2	dbTF
MYC	dbTF
MYCL	dbTF
MYCLP1	dbTF
MYCN	dbTF
MYF5	dbTF
MYF6	dbTF
MYNN	dbTF
MYOD1	dbTF
MYOG	dbTF
MYPOP	dbTF
MYRF	dbTF
MYRFL	dbTF
MYT1	dbTF
MYT1L	dbTF
MZF1	dbTF
NACC1	dbTF
NACC2	dbTF
NANOG	dbTF
NANOGNB	dbTF
NANOGP1	dbTF
NANOGP8	dbTF
NEUROD1	dbTF
NEUROD2	dbTF
NEUROD4	dbTF
NEUROD6	dbTF
NEUROG1	dbTF
NEUROG2	dbTF
NEUROG3	dbTF
NFAT5	dbTF
NFATC1	dbTF
NFATC2	dbTF
NFATC3	dbTF
NFATC4	dbTF
NFE2	dbTF
NFE2L1	dbTF
NFE2L2	dbTF
NFE2L3	dbTF
NFIA	dbTF
NFIB	dbTF
NFIC	dbTF
NFIL3	dbTF
NFILZ	dbTF
NFIX	dbTF
NFKB1	dbTF
NFKB2	dbTF
NFX1	dbTF
NFXL1	dbTF
NFYA	dbTF
NFYB	dbTF
NFYC	dbTF
NHLH1	dbTF
NHLH2	dbTF
NKRF	dbTF
NKX1-1	dbTF
NKX1-2	dbTF
NKX2-1	dbTF
NKX2-2	dbTF
NKX2-3	dbTF
NKX2-4	dbTF
NKX2-5	dbTF
NKX2-6	dbTF
NKX2-8	dbTF
NKX3-1	dbTF
NKX3-2	dbTF
NKX6-1	dbTF
NKX6-2	dbTF
NKX6-3	dbTF
NOBOX	dbTF
NOTO	dbTF
NPAS1	dbTF
NPAS2	dbTF
NPAS3	dbTF
NPAS4	dbTF
NR1D1	dbTF
NR1D2	dbTF
NR1H2	dbTF
NR1H3	dbTF
NR1H4	dbTF
NR1I2	dbTF
NR1I3	dbTF
NR2C1	dbTF
NR2C2	dbTF
NR2E1	dbTF
NR2E3	dbTF
NR2F1	dbTF
NR2F2	dbTF
NR2F6	dbTF
NR3C1	dbTF
NR3C2	dbTF
NR4A1	dbTF
NR4A2	dbTF
NR4A3	dbTF
NR5A1	dbTF
NR5A2	dbTF
NR6A1	dbTF
NRF1	dbTF
NRL	dbTF
OLIG1	dbTF
OLIG2	dbTF
OLIG3	dbTF
ONECUT1	dbTF
ONECUT2	dbTF
ONECUT3	dbTF
OSR1	dbTF
OSR2	dbTF
OTP	dbTF
OTX1	dbTF
OTX2	dbTF
OVOL1	dbTF
OVOL2	dbTF
OVOL3	dbTF
PATZ1	dbTF
PAX1	dbTF
PAX2	dbTF
PAX3	dbTF
PAX4	dbTF
PAX5	dbTF
PAX6	dbTF
PAX7	dbTF
PAX8	dbTF
PAX9	dbTF
PBX1	dbTF
PBX2	dbTF
PBX3	dbTF
PBX4	dbTF
PDX1	dbTF
PEG3	dbTF
PGBD1	dbTF
PGR	dbTF
PHOX2A	dbTF
PHOX2B	dbTF
PITX1	dbTF
PITX2	dbTF
PITX3	dbTF
PKNOX1	dbTF
PKNOX2	dbTF
PLAG1	dbTF
PLAGL1	dbTF
PLAGL2	dbTF
PLSCR1	dbTF
POU1F1	dbTF
POU2F1	dbTF
POU2F2	dbTF
POU2F3	dbTF
POU3F1	dbTF
POU3F2	dbTF
POU3F3	dbTF
POU3F4	dbTF
POU4F1	dbTF
POU4F2	dbTF
POU4F3	dbTF
POU5F1	dbTF
POU5F1B	dbTF
POU5F2	dbTF
POU6F1	dbTF
POU6F2	dbTF
PPARA	dbTF
PPARD	dbTF
PPARG	dbTF
PRDM1	dbTF
PRDM15	dbTF
PRDM16	dbTF
PRDM2	dbTF
PRDM4	dbTF
PRDM5	dbTF
PROP1	dbTF
PROX1	dbTF
PROX2	dbTF
PRRX1	dbTF
PRRX2	dbTF
PTF1A	dbTF
PURA	dbTF
PURB	dbTF
PURG	dbTF
RARA	dbTF
RARB	dbTF
RARG	dbTF
RAX	dbTF
RAX2	dbTF
RBAK	dbTF
RBPJ	dbTF
RBPJL	dbTF
REL	dbTF
RELA	dbTF
RELB	dbTF
REST	dbTF
RFX1	dbTF
RFX2	dbTF
RFX3	dbTF
RFX4	dbTF
RFX5	dbTF
RFX6	dbTF
RFX7	dbTF
RFX8	dbTF
RHOXF1	dbTF
RHOXF2	dbTF
RHOXF2B	dbTF
RLF	dbTF
RORA	dbTF
RORB	dbTF
RORC	dbTF
RREB1	dbTF
RUNX1	dbTF
RUNX2	dbTF
RUNX3	dbTF
RXRA	dbTF
RXRB	dbTF
RXRG	dbTF
SALL1	dbTF
SALL2	dbTF
SALL3	dbTF
SALL4	dbTF
SATB1	dbTF
SATB2	dbTF
SCAND2P	dbTF
SCRT1	dbTF
SCRT2	dbTF
SCX	dbTF
SEBOX	dbTF
SHOX	dbTF
SHOX2	dbTF
SIM1	dbTF
SIM2	dbTF
SIX1	dbTF
SIX2	dbTF
SIX3	dbTF
SIX4	dbTF
SIX5	dbTF
SIX6	dbTF
SKI	dbTF
SKIDA1	dbTF
SKIL	dbTF
SKOR1	dbTF
SKOR2	dbTF
SLC2A4RG	dbTF
SMAD1	dbTF
SMAD2	dbTF
SMAD3	dbTF
SMAD4	dbTF
SMAD5	dbTF
SMAD9	dbTF
SNAI1	dbTF
SNAI2	dbTF
SNAI3	dbTF
SOHLH1	dbTF
SOHLH2	dbTF
SOX1	dbTF
SOX10	dbTF
SOX11	dbTF
SOX12	dbTF
SOX13	dbTF
SOX14	dbTF
SOX15	dbTF
SOX17	dbTF
SOX18	dbTF
SOX2	dbTF
SOX21	dbTF
SOX3	dbTF
SOX30	dbTF
SOX4	dbTF
SOX5	dbTF
SOX6	dbTF
SOX7	dbTF
SOX8	dbTF
SOX9	dbTF
SP1	dbTF
SP100	dbTF
SP110	dbTF
SP140	dbTF
SP140L	dbTF
SP2	dbTF
SP3	dbTF
SP4	dbTF
SP5	dbTF
SP6	dbTF
SP7	dbTF
SP8	dbTF
SP9	dbTF
SPDEF	dbTF
SPI1	dbTF
SPIB	dbTF
SPIC	dbTF
SPZ1	dbTF
SREBF1	dbTF
SREBF2	dbTF
SRF	dbTF
SRY	dbTF
ST18	dbTF
STAT1	dbTF
STAT2	dbTF
STAT3	dbTF
STAT4	dbTF
STAT5A	dbTF
STAT5B	dbTF
STAT6	dbTF
STOX1	dbTF
STOX2	dbTF
TAL1	dbTF
TAL2	dbTF
TBR1	dbTF
TBX1	dbTF
TBX10	dbTF
TBX15	dbTF
TBX18	dbTF
TBX19	dbTF
TBX2	dbTF
TBX20	dbTF
TBX21	dbTF
TBX22	dbTF
TBX3	dbTF
TBX4	dbTF
TBX5	dbTF
TBX6	dbTF
TBXT	dbTF
TCF12	dbTF
TCF15	dbTF
TCF21	dbTF
TCF23	dbTF
TCF24	dbTF
TCF3	dbTF
TCF4	dbTF
TCF7	dbTF
TCF7L1	dbTF
TCF7L2	dbTF
TCFL5	dbTF
TEAD1	dbTF
TEAD2	dbTF
TEAD3	dbTF
TEAD4	dbTF
TEF	dbTF
TFAP2A	dbTF
TFAP2B	dbTF
TFAP2C	dbTF
TFAP2D	dbTF
TFAP2E	dbTF
TFAP4	dbTF
TFCP2	dbTF
TFCP2L1	dbTF
TFDP1	dbTF
TFDP2	dbTF
TFE3	dbTF
TFEB	dbTF
TFEC	dbTF
TGIF1	dbTF
TGIF2	dbTF
TGIF2LX	dbTF
TGIF2LY	dbTF
THAP1	dbTF
THAP11	dbTF
THRA	dbTF
THRB	dbTF
TLX1	dbTF
TLX2	dbTF
TLX3	dbTF
TP53	dbTF
TP63	dbTF
TP73	dbTF
TPRX1	dbTF
TRPS1	dbTF
TSHZ1	dbTF
TSHZ2	dbTF
TSHZ3	dbTF
TWIST1	dbTF
TWIST2	dbTF
UBP1	dbTF
UNCX	dbTF
USF1	dbTF
USF2	dbTF
USF3	dbTF
VAX1	dbTF
VAX2	dbTF
VDR	dbTF
VENTX	dbTF
VEZF1	dbTF
VSX1	dbTF
VSX2	dbTF
WIZ	dbTF
WT1	dbTF
XBP1	dbTF
YY1	dbTF
YY2	dbTF
ZBED1	dbTF
ZBED2	dbTF
ZBED3	dbTF
ZBED4	dbTF
ZBED6	dbTF
ZBTB1	dbTF
ZBTB10	dbTF
ZBTB11	dbTF
ZBTB12	dbTF
ZBTB14	dbTF
ZBTB16	dbTF
ZBTB17	dbTF
ZBTB18	dbTF
ZBTB2	dbTF
ZBTB20	dbTF
ZBTB21	dbTF
ZBTB22	dbTF
ZBTB24	dbTF
ZBTB25	dbTF
ZBTB26	dbTF
ZBTB3	dbTF
ZBTB32	dbTF
ZBTB33	dbTF
ZBTB34	dbTF
ZBTB37	dbTF
ZBTB38	dbTF
ZBTB39	dbTF
ZBTB4	dbTF
ZBTB40	dbTF
ZBTB41	dbTF
ZBTB42	dbTF
ZBTB43	dbTF
ZBTB45	dbTF
ZBTB46	dbTF
ZBTB47	dbTF
ZBTB48	dbTF
ZBTB49	dbTF
ZBTB5	dbTF
ZBTB6	dbTF
ZBTB7A	dbTF
ZBTB7B	dbTF
ZBTB7C	dbTF
ZBTB8A	dbTF
ZBTB8B	dbTF
ZBTB9	dbTF
ZC3H8	dbTF
ZEB1	dbTF
ZEB2	dbTF
ZFAT	dbTF
ZFHX2	dbTF
ZFHX3	dbTF
ZFHX4	dbTF
ZFP1	dbTF
ZFP14	dbTF
ZFP2	dbTF
ZFP28	dbTF
ZFP3	dbTF
ZFP30	dbTF
ZFP37	dbTF
ZFP41	dbTF
ZFP42	dbTF
ZFP57	dbTF
ZFP62	dbTF
ZFP69	dbTF
ZFP69B	dbTF
ZFP82	dbTF
ZFP90	dbTF
ZFP92	dbTF
ZFX	dbTF
ZFY	dbTF
ZGLP1	dbTF
ZGPAT	dbTF
ZHX1	dbTF
ZHX2	dbTF
ZHX3	dbTF
ZIC1	dbTF
ZIC2	dbTF
ZIC3	dbTF
ZIC4	dbTF
ZIC5	dbTF
ZIK1	dbTF
ZIM2	dbTF
ZIM3	dbTF
ZKSCAN1	dbTF
ZKSCAN2	dbTF
ZKSCAN3	dbTF
ZKSCAN4	dbTF
ZKSCAN5	dbTF
ZKSCAN7	dbTF
ZKSCAN8	dbTF
ZNF10	dbTF
ZNF100	dbTF
ZNF101	dbTF
ZNF107	dbTF
ZNF112	dbTF
ZNF114	dbTF
ZNF117	dbTF
ZNF12	dbTF
ZNF121	dbTF
ZNF124	dbTF
ZNF131	dbTF
ZNF132	dbTF
ZNF133	dbTF
ZNF134	dbTF
ZNF135	dbTF
ZNF136	dbTF
ZNF137P	dbTF
ZNF138	dbTF
ZNF14	dbTF
ZNF140	dbTF
ZNF141	dbTF
ZNF142	dbTF
ZNF143	dbTF
ZNF146	dbTF
ZNF148	dbTF
ZNF154	dbTF
ZNF155	dbTF
ZNF157	dbTF
ZNF16	dbTF
ZNF160	dbTF
ZNF165	dbTF
ZNF169	dbTF
ZNF17	dbTF
ZNF174	dbTF
ZNF175	dbTF
ZNF177	dbTF
ZNF18	dbTF
ZNF180	dbTF
ZNF181	dbTF
ZNF182	dbTF
ZNF184	dbTF
ZNF189	dbTF
ZNF19	dbTF
ZNF195	dbTF
ZNF197	dbTF
ZNF2	dbTF
ZNF20	dbTF
ZNF202	dbTF
ZNF205	dbTF
ZNF208	dbTF
ZNF211	dbTF
ZNF212	dbTF
ZNF213	dbTF
ZNF214	dbTF
ZNF215	dbTF
ZNF217	dbTF
ZNF219	dbTF
ZNF22	dbTF
ZNF221	dbTF
ZNF222	dbTF
ZNF223	dbTF
ZNF224	dbTF
ZNF225	dbTF
ZNF226	dbTF
ZNF227	dbTF
ZNF229	dbTF
ZNF23	dbTF
ZNF230	dbTF
ZNF232	dbTF
ZNF233	dbTF
ZNF234	dbTF
ZNF235	dbTF
ZNF236	dbTF
ZNF239	dbTF
ZNF24	dbTF
ZNF248	dbTF
ZNF25	dbTF
ZNF250	dbTF
ZNF251	dbTF
ZNF253	dbTF
ZNF254	dbTF
ZNF256	dbTF
ZNF257	dbTF
ZNF26	dbTF
ZNF260	dbTF
ZNF263	dbTF
ZNF264	dbTF
ZNF266	dbTF
ZNF267	dbTF
ZNF268	dbTF
ZNF273	dbTF
ZNF274	dbTF
ZNF275	dbTF
ZNF28	dbTF
ZNF280A	dbTF
ZNF280B	dbTF
ZNF280C	dbTF
ZNF280D	dbTF
ZNF281	dbTF
ZNF282	dbTF
ZNF283	dbTF
ZNF284	dbTF
ZNF285	dbTF
ZNF286A	dbTF
ZNF286B	dbTF
ZNF287	dbTF
ZNF292	dbTF
ZNF296	dbTF
ZNF3	dbTF
ZNF30	dbTF
ZNF300	dbTF
ZNF302	dbTF
ZNF304	dbTF
ZNF311	dbTF
ZNF316	dbTF
ZNF317	dbTF
ZNF319	dbTF
ZNF32	dbTF
ZNF320	dbTF
ZNF322	dbTF
ZNF324	dbTF
ZNF324B	dbTF
ZNF329	dbTF
ZNF331	dbTF
ZNF333	dbTF
ZNF334	dbTF
ZNF337	dbTF
ZNF33A	dbTF
ZNF33B	dbTF
ZNF34	dbTF
ZNF341	dbTF
ZNF343	dbTF
ZNF345	dbTF
ZNF347	dbTF
ZNF35	dbTF
ZNF350	dbTF
ZNF354A	dbTF
ZNF354B	dbTF
ZNF354C	dbTF
ZNF355P	dbTF
ZNF358	dbTF
ZNF362	dbTF
ZNF366	dbTF
ZNF367	dbTF
ZNF37A	dbTF
ZNF382	dbTF
ZNF383	dbTF
ZNF384	dbTF
ZNF391	dbTF
ZNF394	dbTF
ZNF395	dbTF
ZNF396	dbTF
ZNF397	dbTF
ZNF398	dbTF
ZNF404	dbTF
ZNF408	dbTF
ZNF41	dbTF
ZNF414	dbTF
ZNF415	dbTF
ZNF416	dbTF
ZNF417	dbTF
ZNF418	dbTF
ZNF419	dbTF
ZNF420	dbTF
ZNF423	dbTF
ZNF425	dbTF
ZNF426	dbTF
ZNF429	dbTF
ZNF43	dbTF
ZNF430	dbTF
ZNF431	dbTF
ZNF432	dbTF
ZNF433	dbTF
ZNF436	dbTF
ZNF438	dbTF
ZNF439	dbTF
ZNF44	dbTF
ZNF440	dbTF
ZNF441	dbTF
ZNF442	dbTF
ZNF443	dbTF
ZNF444	dbTF
ZNF445	dbTF
ZNF446	dbTF
ZNF449	dbTF
ZNF45	dbTF
ZNF454	dbTF
ZNF460	dbTF
ZNF461	dbTF
ZNF467	dbTF
ZNF468	dbTF
ZNF469	dbTF
ZNF470	dbTF
ZNF471	dbTF
ZNF473	dbTF
ZNF479	dbTF
ZNF48	dbTF
ZNF480	dbTF
ZNF483	dbTF
ZNF484	dbTF
ZNF485	dbTF
ZNF486	dbTF
ZNF487	dbTF
ZNF490	dbTF
ZNF491	dbTF
ZNF492	dbTF
ZNF493	dbTF
ZNF496	dbTF
ZNF497	dbTF
ZNF500	dbTF
ZNF501	dbTF
ZNF502	dbTF
ZNF506	dbTF
ZNF510	dbTF
ZNF511	dbTF
ZNF512	dbTF
ZNF512B	dbTF
ZNF514	dbTF
ZNF516	dbTF
ZNF517	dbTF
ZNF518A	dbTF
ZNF518B	dbTF
ZNF519	dbTF
ZNF521	dbTF
ZNF524	dbTF
ZNF525	dbTF
ZNF526	dbTF
ZNF527	dbTF
ZNF528	dbTF
ZNF529	dbTF
ZNF530	dbTF
ZNF532	dbTF
ZNF534	dbTF
ZNF536	dbTF
ZNF540	dbTF
ZNF542P	dbTF
ZNF543	dbTF
ZNF544	dbTF
ZNF546	dbTF
ZNF547	dbTF
ZNF548	dbTF
ZNF549	dbTF
ZNF550	dbTF
ZNF551	dbTF
ZNF552	dbTF
ZNF554	dbTF
ZNF555	dbTF
ZNF556	dbTF
ZNF557	dbTF
ZNF558	dbTF
ZNF559	dbTF
ZNF560	dbTF
ZNF561	dbTF
ZNF562	dbTF
ZNF563	dbTF
ZNF564	dbTF
ZNF565	dbTF
ZNF566	dbTF
ZNF567	dbTF
ZNF568	dbTF
ZNF569	dbTF
ZNF57	dbTF
ZNF570	dbTF
ZNF571	dbTF
ZNF572	dbTF
ZNF573	dbTF
ZNF574	dbTF
ZNF575	dbTF
ZNF576	dbTF
ZNF577	dbTF
ZNF578	dbTF
ZNF579	dbTF
ZNF580	dbTF
ZNF581	dbTF
ZNF582	dbTF
ZNF583	dbTF
ZNF584	dbTF
ZNF585A	dbTF
ZNF585B	dbTF
ZNF586	dbTF
ZNF587	dbTF
ZNF587B	dbTF
ZNF589	dbTF
ZNF592	dbTF
ZNF594	dbTF
ZNF595	dbTF
ZNF596	dbTF
ZNF597	dbTF
ZNF599	dbTF
ZNF600	dbTF
ZNF605	dbTF
ZNF606	dbTF
ZNF607	dbTF
ZNF610	dbTF
ZNF611	dbTF
ZNF613	dbTF
ZNF614	dbTF
ZNF615	dbTF
ZNF616	dbTF
ZNF618	dbTF
ZNF619	dbTF
ZNF620	dbTF
ZNF621	dbTF
ZNF623	dbTF
ZNF624	dbTF
ZNF625	dbTF
ZNF626	dbTF
ZNF627	dbTF
ZNF628	dbTF
ZNF629	dbTF
ZNF630	dbTF
ZNF639	dbTF
ZNF641	dbTF
ZNF644	dbTF
ZNF646	dbTF
ZNF648	dbTF
ZNF649	dbTF
ZNF652	dbTF
ZNF654	dbTF
ZNF655	dbTF
ZNF658	dbTF
ZNF658B	dbTF
ZNF66	dbTF
ZNF660	dbTF
ZNF662	dbTF
ZNF664	dbTF
ZNF665	dbTF
ZNF667	dbTF
ZNF668	dbTF
ZNF669	dbTF
ZNF670	dbTF
ZNF671	dbTF
ZNF672	dbTF
ZNF674	dbTF
ZNF675	dbTF
ZNF676	dbTF
ZNF677	dbTF
ZNF678	dbTF
ZNF679	dbTF
ZNF680	dbTF
ZNF681	dbTF
ZNF682	dbTF
ZNF683	dbTF
ZNF684	dbTF
ZNF687	dbTF
ZNF688	dbTF
ZNF689	dbTF
ZNF69	dbTF
ZNF691	dbTF
ZNF692	dbTF
ZNF695	dbTF
ZNF696	dbTF
ZNF697	dbTF
ZNF699	dbTF
ZNF7	dbTF
ZNF70	dbTF
ZNF700	dbTF
ZNF701	dbTF
ZNF702P	dbTF
ZNF704	dbTF
ZNF705A	dbTF
ZNF705B	dbTF
ZNF705D	dbTF
ZNF705E	dbTF
ZNF705G	dbTF
ZNF707	dbTF
ZNF708	dbTF
ZNF709	dbTF
ZNF71	dbTF
ZNF710	dbTF
ZNF711	dbTF
ZNF713	dbTF
ZNF714	dbTF
ZNF716	dbTF
ZNF717	dbTF
ZNF718	dbTF
ZNF721	dbTF
ZNF723	dbTF
ZNF724	dbTF
ZNF726	dbTF
ZNF726P1	dbTF
ZNF727	dbTF
ZNF728	dbTF
ZNF729	dbTF
ZNF730	dbTF
ZNF732	dbTF
ZNF735	dbTF
ZNF736	dbTF
ZNF737	dbTF
ZNF74	dbTF
ZNF740	dbTF
ZNF746	dbTF
ZNF749	dbTF
ZNF750	dbTF
ZNF75A	dbTF
ZNF75CP	dbTF
ZNF75D	dbTF
ZNF76	dbTF
ZNF761	dbTF
ZNF763	dbTF
ZNF764	dbTF
ZNF765	dbTF
ZNF766	dbTF
ZNF768	dbTF
ZNF77	dbTF
ZNF770	dbTF
ZNF771	dbTF
ZNF772	dbTF
ZNF773	dbTF
ZNF774	dbTF
ZNF775	dbTF
ZNF776	dbTF
ZNF777	dbTF
ZNF778	dbTF
ZNF780A	dbTF
ZNF780B	dbTF
ZNF781	dbTF
ZNF782	dbTF
ZNF783	dbTF
ZNF784	dbTF
ZNF785	dbTF
ZNF786	dbTF
ZNF787	dbTF
ZNF789	dbTF
ZNF79	dbTF
ZNF790	dbTF
ZNF791	dbTF
ZNF792	dbTF
ZNF793	dbTF
ZNF799	dbTF
ZNF8	dbTF
ZNF80	dbTF
ZNF800	dbTF
ZNF805	dbTF
ZNF808	dbTF
ZNF81	dbTF
ZNF813	dbTF
ZNF814	dbTF
ZNF816	dbTF
ZNF818P	dbTF
ZNF821	dbTF
ZNF823	dbTF
ZNF826P	dbTF
ZNF829	dbTF
ZNF83	dbTF
ZNF833P	dbTF
ZNF835	dbTF
ZNF836	dbTF
ZNF837	dbTF
ZNF84	dbTF
ZNF840P	dbTF
ZNF841	dbTF
ZNF844	dbTF
ZNF845	dbTF
ZNF846	dbTF
ZNF85	dbTF
ZNF850	dbTF
ZNF852	dbTF
ZNF853	dbTF
ZNF860	dbTF
ZNF861P	dbTF
ZNF865	dbTF
ZNF875	dbTF
ZNF876P	dbTF
ZNF878	dbTF
ZNF879	dbTF
ZNF880	dbTF
ZNF883	dbTF
ZNF888	dbTF
ZNF891	dbTF
ZNF90	dbTF
ZNF91	dbTF
ZNF92	dbTF
ZNF93	dbTF
ZNF98	dbTF
ZNF99	dbTF
ZSCAN1	dbTF
ZSCAN10	dbTF
ZSCAN12	dbTF
ZSCAN16	dbTF
ZSCAN18	dbTF
ZSCAN2	dbTF
ZSCAN20	dbTF
ZSCAN21	dbTF
ZSCAN22	dbTF
ZSCAN23	dbTF
ZSCAN25	dbTF
ZSCAN26	dbTF
ZSCAN29	dbTF
ZSCAN30	dbTF
ZSCAN31	dbTF
ZSCAN32	dbTF
ZSCAN4	dbTF
ZSCAN5A	dbTF
ZSCAN5B	dbTF
ZSCAN5C	dbTF
ZSCAN5DP	dbTF
ZSCAN9	dbTF
BRF1	GTF_GO:0140223
CCNH	GTF_GO:0140223
DR1	GTF_GO:0140223
GTF2A1	GTF_GO:0140223
GTF2A2	GTF_GO:0140223
Gtf2a2	GTF_GO:0140223
GTF2B	GTF_GO:0140223
GTF2E1	GTF_GO:0140223
GTF2E2	GTF_GO:0140223
GTF2F1	GTF_GO:0140223
GTF2F2	GTF_GO:0140223
GTF2H2	GTF_GO:0140223
GTF2H2C	GTF_GO:0140223
GTF2H3	GTF_GO:0140223
GTF2H4	GTF_GO:0140223
GTF3A	GTF_GO:0140223
GTF3C1	GTF_GO:0140223
GTF3C2	GTF_GO:0140223
GTF3C3	GTF_GO:0140223
GTF3C4	GTF_GO:0140223
GTF3C5	GTF_GO:0140223
RRN3	GTF_GO:0140223
SNAPC1	GTF_GO:0140223
SNAPC2	GTF_GO:0140223
SNAPC3	GTF_GO:0140223
SNAPC4	GTF_GO:0140223
SNAPC5	GTF_GO:0140223
TAF1	GTF_GO:0140223
TAF10	GTF_GO:0140223
TAF13	GTF_GO:0140223
TAF1C	GTF_GO:0140223
TAF1L	GTF_GO:0140223
TAF2	GTF_GO:0140223
TAF3	GTF_GO:0140223
TAF4	GTF_GO:0140223
Taf4	GTF_GO:0140223
TAF4B	GTF_GO:0140223
TAF5	GTF_GO:0140223
TAF6	GTF_GO:0140223
TAF7	GTF_GO:0140223
TAF7L	GTF_GO:0140223
TAF8	GTF_GO:0140223
TBP	GTF_GO:0140223
TBPL1	GTF_GO:0140223
TBPL2	GTF_GO:0140223
UBTF	GTF_GO:0140223
UBTFL1	GTF_GO:0140223
UBTFL6	GTF_GO:0140223
A630001G21Rik	
ABRA	
ACOD1	
ACTB	
ACTR3B	
ACTR3C	
ACTR5	
ACTR6	
ACTR8	
ADAM8	
ADGRG3	
ADRB2	
AGAP2	
AGER	
AGO1	
AGO2	
AGT	
Aicda	
AKT1	
AKT2	
ALK	
ALKBH2	
ALPK3	
AMH	
ANKAR	
ANKRA2	
ANKRD2	
ANKRD33	
ANKRD49	
Anp32a	
ANP32B	
ANP32D	
ANP32E	
ANXA3	
ANXA4	
APBB3	
APC2	
APOA4	
APOBEC3A	
APOBEC3B	
APOBEC3G	
APP	
Arap1	
ARGLU1	
Arglu1	
Arhgap22	
ARHGAP5	
ARHGEF2	
ARHGEF5	
ARRB2	
Asb10	
ASCC1	
ASCC2	
ASCC3	
Asf1a	
ASF1A	
ASF1B	
ATAD2	
ATM	
Atp5f1c	
ATR	
ATXN3	
ATXN3L	
AURKAIP1	
AURKB	
AUTS2	
AXIN1	
Axin1	
AXIN2	
BAG1	
BAHCC1	
BAHD1	
BANF1	
BBS7	
BCAS3	
BEND3	
BEND4	
BEX1	
BIN1	
BIRC5	
BLM	
BMP4	
BMP7	
BMPR1A	
BRCA2	
BRIP1	
BRMS1	
BRMS1L	
BRWD1	
BRWD3	
BTBD11	
BTBD8	
BTK	
Btn1a1	
BTN3A3	
BTRC	
BUD23	
C130026I21Rik	
C3orf33	
C6orf89	
CACTIN	
CALR	
CAMK1	
CAMK1D	
CAMK2A	
CAMK2D	
CAMK4	
CAPN3	
CARD11	
CARD14	
CASK	
Cask	
CAT	
CAVIN1	
CBL	
CBY1	
CCDC3	
CCDC59	
CCDC83	
CCDC85B	
CCNA1	
CCNA2	
CCNC	
CCNE1	
CCNK	
CCNQ	
CCNT1	
CCNT2	
CD3D	
CD40	
CD40LG	
Cdc42bpg	
CDC45	
CDC6	
CDC73	
CDCA7L	
CDK1	
CDK11A	
CDK11B	
CDK12	
CDK13	
CDK2	
CDK5R1	
CDK5RAP3	
CDK9	
CDKN1A	
CDKN1B	
CDKN1C	
CDKN2A	
CDKN2B	
CECR2	
CENPF	
CENPU	
CEP290	
CFLAR	
CGAS	
CHAF1B	
CHCHD2	
CHCHD2P9	
CHD8	
CHEK1	
Chek1	
CHEK2	
CHMP1A	
Chmp1a	
CHP1	
CHTOP	
CHUK	
CHURC1	
CIB1	
CIDEA	
CIPC	
CLU	
CMKLR1	
CNOT1	
CNOT10	
CNOT11	
COMMD1	
COMMD10	
COMMD3	
COMMD4	
COMMD5	
COMMD6	
COMMD7	
COMMD8	
COMMD9	
COPRS	
CRABP2	
CRK	
CRTC1	
CRTC2	
CRTC3	
CRY1	
CRY2	
CSNK2A1	
CSNK2A2	
Csprs	
CTDP1	
CTDSP1	
CTDSPL2	
CTH	
CTNNBIP1	
CTNNBL1	
CTNND2	
CTR9	
CYLD	
CYP1B1	
CYTL1	
DAB2	
DAB2IP	
DACT1	
DAP	
DAPK3	
DCAF1	
DCP1A	
DDB1	
DDN	
DDR2	
DDRGK1	
DDX20	
DDX39B	
DDX3X	
DDX58	
DGKQ	
DHFR	
DHX33	
DHX36	
DNA2	
DNAJA3	
DNAJB5	
DNM2	
DNTT	
DNTTIP2	
DPPA2	
DPPA4	
Dpy30	
DPY30	
DSCAM	
DUSP22	
DUSP26	
DYDC1	
DYNLL1	
EAF1	
EAF2	
EAPP	
ECD	
Ecsit	
EDA	
EDA2R	
EDN1	
EDRF1	
EEF1A1	
EFCAB6	
EGFR	
EGLN3	
EHMT1	
EHMT2	
EID3	
Eid3	
EIF2AK2	
EIF2AK4	
EIF3C	
EIF3CL	
Eif4a3	
ELL	
ELL2	
ELL3	
ELOB	
Elobl	
ELOC	
ELOF1	
ELP1	
ELP2	
ELP3	
ELP4	
Elp4	
EME1	
EMSY	
ENG	
EPC1	
EPC2	
EPHA5	
EPM2AIP1	
ERBB2	
ERBB4	
ERBIN	
ERC1	
ERCC4	
ERN1	
ESF1	
EXO1	
EXOG	
EXOSC9	
Eya1	
EZR	
FABP4	
FAM200A	
FAM83G	
FAN1	
FANCA	
FANCD2	
FANK1	
FBP1	
FBXO5	
FBXW11	
FBXW7	
FEN1	
FER	
FGF1	
Fgf11	
Fgf19	
FGFR1	
FGFR2	
FHIT	
FHOD1	
FLII	
FLNA	
FRK	
FZD1	
FZD2	
FZD4	
FZD6	
FAAP24	
GADD45A	
GAS6	
GAS7	
GEN1	
GLA	
GMCL1	
Gnas	
GNL3	
GOLGB1	
GPER1	
GREM1	
GRHPR	
GRIP1	
GSK3B	
Gtf2a1l	
GTF2H5	
GULP1	
H2AZ1	
H2AZ2	
H3-3A	
HABP4	
HAT1	
HAVCR2	
HAX1	
HCK	
HCLS1	
HDAC10	
HDAC11	
HDAC6	
HEATR1	
HELLS	
HEXIM2	
HIF1AN	
HINT1	
HIP1	
HLA-DRB1	
HLA-DRB5	
HMGB1P1	
HMGN1	
HMOX1	
HNRNPA1	
HNRNPA2B1	
HNRNPA3	
HNRNPAB	
HNRNPC	
HNRNPCL2	
HNRNPD	
HNRNPDL	
HNRNPL	
HNRNPUL1	
HOOK2	
HRAS	
HSPA5	
HSPA8	
HSPD1	
HSPH1	
HTATSF1	
ICAM1	
ICE1	
ICE2	
ID2B	
IER5	
IFI27	
Ifi35	
IFNB1	
IFRD1	
IFT74	
IKBKB	
IKBKG	
Ikbkg	
IL10	
IL16	
IL1B	
IL1RAP	
IL4	
IL5	
IL6	
ILK	
ING1	
ING3	
INO80	
INO80B	
INO80C	
INO80D	
INO80E	
INPP5K	
INS	
INSR	
IQGAP1	
IRAK1	
IRAK1BP1	
IRAK2	
IRAK3	
ITCH	
ITGB2	
ITGB3BP	
IZUMO2	
JAK2	
JMJD6	
KANK1	
KANSL2	
KDM1B	
KDM4D	
KDM4E	
KDM6A	
KDM6B	
KDM8	
KHDRBS1	
KHDRBS2	
KHDRBS3	
KIF15	
KIT	
KIAA1841	
KIAA1958	
KMT5C	
KPNA6	
KRAS	
KRT13	
KRTAP9-9	
LANCL2	
LBH	
LEO1	
LGALS12	
LGALS9	
LIG1	
LIG3	
LIN9	
LITAFD	
LMNA	
LOC100910438	
LOC100910506	
LOC100910833	
LOC103694555	
LOC257642	
LOC498414	
LOC499219	
LOC499235	
LOC680121	
LOC691325	
LOXL2	
LOXL3	
LPP	
LRIF1	
LRP5	
LRP6	
LRP8	
LRPPRC	
LRRK2	
LSR	
LZTFL1	
MACC1	
MACROH2A1	
MACROH2A2	
MAD2L2	
MAGEA1	
MAGEA2	
MALT1	
MAP2K1	
MAP2K2	
MAP2K3	
MAP2K5	
MAP2K6	
MAP3K13	
MAP3K7	
MAPK1	
MAPK10	
MAPK11	
MAPK12	
MAPK14	
MAPK3	
MAPK7	
MAPK8	
MAPK9	
MAVS	
MBTD1	
MBTPS2	
MCM5	
MCPH1	
MCRS1	
MDFI	
MDM2	
MDM4	
MEAF6	
MED25	
MED28	
MEGF8	
MEN1	
MMP12	
MN1	
MORC3	
MPG	
MPHOSPH8	
MRGBP	
MSH2	
MSH6	
MSL3	
MSL3P1	
MSRB2	
MTOR	
MTPN	
MUS81	
MYCBP2	
MYD88	
MYO6	
NABP2	
NACA2	
NCK1	
NCL	
NDC80	
NDN	
NDP	
NDUFA13	
Ndufa13	
NEB	
NEDD4L	
NEDD8	
NEIL1	
NELFA	
NELFB	
NELFCD	
NELFE	
NFAM1	
NFATC2IP	
NIF3L1	
NIPBL	
Nkap	
NKAP	
NLK	
NLRC3	
NLRC4	
NLRC5	
NLRP12	
NLRP2B	
NLRP3	
NOCT	
NOD1	
NOD2	
NODAL	
NOL11	
NOP2	
NOTCH2	
NOTCH3	
NOTCH4	
NPM2	
Npm2	
NPM3	
NRIP2	
NRIP3	
NSD3	
Nsmce3	
NTRK1	
NUDT5	
NUP107	
NUP133	
NUP35	
NUP62	
Nup62	
NUP85	
NAA15	
NAA16	
OBI1	
OGG1	
OGT	
OPRD1	
ORC2	
OTULIN	
P2rx2	
PABPC1L	
PABPN1	
PADI2	
PADI4	
PAF1	
PAGR1	
Pagr1a	
PAK6	
Pak6	
PASD1	
PCBD2	
PCGF1	
PCGF5	
PCNA	
PDCD4	
PDCD7	
PDPK1	
PELI1	
PELP1	
PEX2	
PFDN1	
PFN1	
PGS1	
PHF14	
PHF21B	
PHF7	
PHIP	
PICALM	
PID1	
PIDD1	
PIH1D1	
PIK3R1	
PIK3R2	
PIM1	
PINK1	
PKD1	
PKIA	
PKIG	
PKN2	
PLA2G10	
PLA2G1B	
PLCB1	
PLK1	
PLK3	
PLPP3	
PNKP	
PNRC1	
PNRC2	
POLA1	
POLB	
POLG	
POLH	
POLI	
POLK	
POLL	
POLM	
POLN	
POLQ	
POLR1B	
POLR1H	
POLR2A	
POLR2B	
POLR2E	
POLR2J	
POLR2K	
POLR3A	
POLR3C	
POLR3F	
POLR3G	
POLR3GL	
POLRMT	
POT1	
POU5F1P3	
POU5F1P4	
PPHLN1	
PPID	
PPIE	
PPM1A	
PPP1R12A	
PPP1R21	
PPP2CA	
PPP2R1A	
PPP2R5B	
PPP3CA	
PPP3CB	
PPP3R1	
PRAM1	
PRAME	
PRAMEF1	
PRAMEF10	
PRAMEF11	
PRAMEF12	
PRAMEF13	
PRAMEF14	
PRAMEF17	
PRAMEF18	
PRAMEF19	
PRAMEF2	
PRAMEF20	
PRAMEF22	
PRAMEF25	
PRAMEF27	
PRAMEF33	
PRAMEF4	
PRAMEF5	
PRAMEF6	
PRAMEF7	
PRAMEF8	
PRAMEF9	
PRDX3	
PRDX5	
PREX1	
PRH1	
PRIM2	
PRIMPOL	
PRKCH	
PRKCI	
PRKCQ	
PRKCZ	
PRKD1	
PRKD2	
PRKDC	
PRKAA1	
PRKAA2	
PRMT1	
PRMT6	
PRMT7	
PRMT8	
PRNP	
PSEN1	
PSMA6	
PSMC1	
PSMC3	
PSMC4	
PSMC6	
PSMD10	
PTCH1	
Pten	
PTEN	
PTGIS	
PTH	
PTOV1	
PTTG1	
PUF60	
PUM3	
PYCARD	
PYDC1	
PYDC2	
PYGO1	
PYGO2	
RAB11FIP4	
RAB7B	
RAD21	
RAF1	
RAI1	
RALGAPA1	
RAN	
RASD1	
RB1CC1	
RBBP4	
RBBP7	
RBM15	
RBM15B	
RBM39	
RBMX	
RBMXL1	
RBX1	
RCAN1	
RCBTB1	
Rdh12	
RECQL	
RECQL5	
RELN	
REV1	
RFC1	
RGS14	
RGS20	
RHEBL1	
RHOA	
RIOX1	
RIPK1	
RIPK2	
RIPK4	
RIPPLY1	
Ripply1	
RITA1	
RNASEH1	
RNASEL	
RNF111	
RNF141	
Rnf141	
RNF168	
RNF187	
RNF25	
RNF31	
RNF41	
RNF6	
RPAP2	
Rpf2	
Rpl11	
RPL36A	
RPL7	
RPL7A	
RPRD1A	
RPRD1B	
RPS14	
RPS27A	
RPS6KA1	
RPS6KA3	
RPS6KA4	
RPS6KA5	
RPTOR	
RRM2	
RRP8	
RTF1	
RWDD3	
S100A1	
S100A12	
S100A8	
S100A9	
Safb2	
SAMD4B	
SAP130	
SARNP	
SARS1	
SART1	
SAV1	
Scand1	
SCOC	
SENP1	
SENP2	
SERTAD3	
SET	
Set	
Setd1a	
SETD2	
SETD6	
SETD7	
SETSIP	
SETX	
SFRP4	
SFRP5	
SFSWAP	
SFTPB	
SGF29	
SGK1	
SGK3	
SHH	
SIGIRR	
SIK1	
SIRT2	
SIRT3	
SIRT5	
SIVA1	
SIX6OS1	
SKAP1	
SLC19A1	
SLC25A2	
SLC26A3	
SLTM	
Sltm	
SMC3	
SMO	
SMUG1	
SMURF1	
SMURF2	
SMYD2	
SNCA	
SNIP1	
SNRPC	
SNURF	
SNX6	
SOGA3	
SORBS3	
SPAG8	
SPHK1	
Spop	
SRC	
SRFBP1	
SRSF10	
SSU72	
STAG1	
STAG2	
STK16	
STK3	
Stk3	
STK36	
STRAP	
STRN	
STRN3	
SUDS3	
SUMO1	
SUMO2	
SUV39H2	
Suz12	
SYK	
TAB1	
TAB2	
TAB3	
TAF1D	
TARBP1	
TASOR	
TCEA1	
TCEA2	
TCEAL2	
TCEAL3	
TCEAL4	
TCEAL5	
TCEAL7	
TDP1	
TENM1	
TENM2	
Tenm4	
TERT	
TESC	
Tesc	
TESMIN	
TGFB1	
TGS1	
THOC5	
THRSP	
TIA1	
TIAL1	
TICAM1	
TIRAP	
TLR2	
TLR3	
TLR4	
TLR9	
TMEM235	
Tmem9b	
TNF	
Tnf	
TNFAIP3	
TNFRSF11A	
TNFRSF4	
TNFSF11	
TNFSF18	
TNFSF4	
TNIP1	
TNIP2	
TNKS	
TNNI2	
TNP1	
Tnp1	
TOP1	
TOP1MT	
TOP2A	
TOP2B	
TP53INP1	
TPR	
TRADD	
TRAF1	
TRAF2	
TRAF3	
TRAF4	
TRAF5	
TRAF6	
Traf7	
TRAK1	
TRAK2	
TRAPPC2	
TRAPPC9	
TREX1	
TRIB1	
Trib2	
TRIM11	
TSC2	
TSPYL2	
TSSK4	
TSTD1	
TTC21B	
TUT7	
TXK	
TXLNG	
TXN	
TXNIP	
UBA3	
UBA52	
UBB	
UBC	
UBE2B	
UBE2D1	
UBE2D2	
UBE2D3	
Ube2i	
UBE2I	
UBE2N	
UBE2O	
UBE2V1	
UBN1	
UBR2	
UCHL5	
UFL1	
UHRF2	
UIMC1	
UNG	
USP15	
USP2	
USP34	
USP47	
USP7	
UTP4	
UTY	
VAV1	
VEGFA	
VGLL3	
VGLL4	
Vhl	
VHLL	
VPS25	
VPS36	
VRTN	
WAC	
WASL	
WDR5	
WDR61	
WDR75	
WDTC1	
WFS1	
WNT1	
WNT10B	
WNT2	
WNT5A	
WRN	
WWP1	
WWP2	
XCL1	
XIAP	
XPO1	
XRCC5	
XRCC6	
XRN2	
YLPM1	
YWHAB	
ZBED6CL	
ZBED8	
ZC3H11B	
Zfp593	
Zfp821	
ZMYM2	
ZMYND10	
ZNF330	
ZZEF1	
